scenario,user_input,retrieved_contexts,response,reference
시나리오 1: 단일 팩트 검색,2025년 1월 3일 거래된 매탄동 주공그린빌5 아파트 14층 매물의 거래금액은 얼마입니까?,"[작성일: 2025-01-03] | [수원시 영통구] | 아파트 월세 거래입니다. 거래일자는 2025년 01월 03일입니다. 이의동 (지번: 1284)에 위치한 '수원광교행복주택' 아파트 5층 매물이 보증금 6826만원, 월세는 34만원으로 계약되었습니다. 전용면적은 36.7㎡ (약 11.1평)이며, 2018년에 준공된 단지입니다. 계약 기간은 2025년 04월부터 2027년 03월까지입니다."", ""[작성일: 2025-01-03] | [수원시 영통구] | 아파트 매매 거래입니다. 거래일자는 2025년 1월 3일입니다. 매탄동 (지번: 1282)에 위치한 '주공그린빌5' 아파트 14층 매물이 거래금액 2억 9800만원에 중개거래되었으나, 25.04.11부로 해제되었습니다. 이 단지는 2002년에 준공되었으며, 전용면적은 36.38㎡ (약 11.0평)입니다. 중개사 소재지는 경기 수원시 영통구입니다."", ""[작성일: 2025-01-03] | [수원시 영통구] | 아파트 월세 거래입니다. 거래일자는 2025년 01월 03일입니다. 이의동 (지번: 1284)에 위치한 '수원광교행복주택' 아파트 7층 매물이 보증금 6826만원, 월세는 34만원으로 계약되었습니다. 전용면적은 36.7㎡ (약 11.1평)이며, 2018년에 준공된 단지입니다. 계약 기간은 2025년 04월부터 2027년 03월까지입니다."", ""[작성일: 2025-01-03] | [수원시 영통구] | 아파트 월세 거래입니다. 거래일자는 2025년 01월 03일입니다. 이의동 (지번: 1284)에 위치한 '수원광교행복주택' 아파트 9층 매물이 보증금 6826만원, 월세는 34만원으로 계약되었습니다. 전용면적은 36.7㎡ (약 11.1평)이며, 2018년에 준공된 단지입니다. 계약 기간은 2025년 04월부터 2027년 03월까지입니다."", ""[작성일: 2025-01-03] | [수원시 영통구] | 아파트 월세 거래입니다. 거래일자는 2025년 01월 03일입니다. 망포동 (지번: 725)에 위치한 '영통SKVIEW' 아파트 23층 매물이 보증금 1억원, 월세는 100만원으로 갱신 계약되었습니다. 전용면적은 84.4619㎡ (약 25.5평)이며, 2016년에 준공된 단지입니다. 계약 기간은 2025년 05월부터 2026년 01월까지입니다. 종전계약보증금은 1억원, 종전계약월세는 130만원입니다.","주공그린빌5 (매탄동)
거래일자: 2025년 01월 03일
거래금액: 2억 9,800만원
전용면적: 36.38㎡ (약 11.0평)
층수: 14층
준공연도: 2002년",2억 9800만원입니다.
시나리오 1: 단일 팩트 검색,2025년 1월 22일 거래된 망포동 늘푸른벽산 1층 매물은 얼마에 거래되었습니까?,"[작성일: 2025-01-22] | [수원시 영통구] | 아파트 매매 거래입니다. 거래일자는 2025년 1월 22일입니다. 망포동 (지번: 488)에 위치한 '늘푸른벽산' 아파트 1층 매물이 거래금액 4억 8000만원에 중개거래되었으나, 25.04.08부로 해제되었습니다. 이 단지는 2000년에 준공되었으며, 전용면적은 114.954㎡ (약 34.8평)입니다. 중개사 소재지는 경기 수원시 영통구입니다."", ""[작성일: 2025-01-22] | [수원시 영통구] | 아파트 매매 거래입니다. 거래일자는 2025년 1월 22일입니다. 망포동 (지번: 488)에 위치한 '늘푸른벽산' 아파트 116동 1층 매물이 거래금액 4억 8000만원에 중개거래되었습니다. 이 단지는 2000년에 준공되었으며, 전용면적은 114.954㎡ (약 34.8평)입니다. 중개사 소재지는 경기 수원시 영통구입니다."", ""[작성일: 2025-01-22] | [수원시 영통구] | 아파트 매매 거래입니다. 거래일자는 2025년 1월 22일입니다. 영통동 (지번: 987-1)에 위치한 '영통e-편한세상' 아파트 5층 매물이 거래금액 5억 500만원에 중개거래되었으나, 25.04.21부로 해제되었습니다. 이 단지는 2007년에 준공되었으며, 전용면적은 84.98㎡ (약 25.7평)입니다. 중개사 소재지는 경기 수원시 영통구입니다."", ""[작성일: 2025-01-22] | [수원시 영통구] | 아파트 매매 거래입니다. 거래일자는 2025년 1월 22일입니다. 영통동 (지번: 987-1)에 위치한 '영통e-편한세상' 아파트 104동 5층 매물이 거래금액 5억 500만원에 중개거래되었습니다. 이 단지는 2007년에 준공되었으며, 전용면적은 84.98㎡ (약 25.7평)입니다. 중개사 소재지는 경기 수원시 영통구입니다."", ""[작성일: 2025-01-22] | [수원시 영통구] | 아파트 매매 거래입니다. 거래일자는 2025년 1월 22일입니다. 영통동 (지번: 987-1)에 위치한 '영통e-편한세상' 아파트 101동 13층 매물이 거래금액 5억 5000만원에 중개거래되었습니다. 이 단지는 2007년에 준공되었으며, 전용면적은 84.98㎡ (약 25.7평)입니다. 중개사 소재지는 경기 수원시 영통구입니다.","늘푸른벽산 (망포동)
거래일자: 2025년 01월 22일
거래금액: 4억 8,000만원
전용면적: 114.954㎡ (약 34.8평)
층수: 1층
준공연도: 2000년",4억 8000만원입니다.
시나리오 1: 단일 팩트 검색,2025년 1월 18일에 중개거래된 영통아이파크 이스트윙동 19층 매물의 전용면적은 몇 ㎡입니까?,"[작성일: 2025-01-18] | [수원시 영통구] | 아파트 매매 거래입니다. 거래일자는 2025년 1월 18일입니다. 영통동 (지번: 1153)에 위치한 '영통아이파크' 아파트 19층 매물이 거래금액 4억 4700만원에 중개거래되었습니다. 이 단지는 2006년에 준공되었으며, 전용면적은 84.9985㎡ (약 25.7평)입니다. 중개사 소재지는 경기 수원시 영통구입니다."", ""[작성일: 2025-01-18] | [수원시 영통구] | 아파트 매매 거래입니다. 거래일자는 2025년 1월 18일입니다. 영통동 (지번: 1153)에 위치한 '영통아이파크' 아파트 이스트윙동 19층 매물이 거래금액 4억 4700만원에 중개거래되었습니다. 이 단지는 2006년에 준공되었으며, 전용면적은 84.9571㎡ (약 25.7평)입니다. 중개사 소재지는 경기 수원시 영통구입니다."", ""[작성일: 2025-01-18] | [수원시 영통구] | 아파트 매매 거래입니다. 거래일자는 2025년 1월 18일입니다. 영통동 (지번: 1154)에 위치한 '영통라온프라이빗' 아파트 101동동 18층 매물이 거래금액 6억 4300만원에 중개거래되었습니다. 이 단지는 2017년에 준공되었으며, 전용면적은 59.8334㎡ (약 18.1평)입니다. 중개사 소재지는 경기 수원시 영통구입니다."", ""[작성일: 2025-01-18] | [수원시 영통구] | 아파트 매매 거래입니다. 거래일자는 2025년 1월 18일입니다. 망포동 (지번: 800)에 위치한 '영통자이' 아파트 105동 22층 매물이 거래금액 6억원에 중개거래되었습니다. 이 단지는 2022년에 준공되었으며, 전용면적은 59.9614㎡ (약 18.1평)입니다. 중개사 소재지는 경기 수원시 권선구입니다."", ""[작성일: 2025-01-18] | [수원시 영통구] | 아파트 전세 거래입니다. 거래일자는 2025년 01월 18일입니다. 영통동 (지번: 957-6)에 위치한 '영통에듀파크(321동~327동)' 아파트 4층 매물이 전세금 4억 5000만원으로 계약되었습니다. 전용면적은 84.96㎡ (약 25.7평)이며, 1997년에 준공된 단지입니다. 계약 기간은 2025년 03월부터 2027년 03월까지입니다.","영통아이파크 (이스트윙동)
거래일자: 2025년 01월 18일
거래금액: 4억 4,700만원
전용면적: 84.9571㎡ (약 25.7평)
층수: 19층
준공연도: 2006년",84.9571㎡입니다.
시나리오 1: 단일 팩트 검색,2026년 1월 17일에 전세 계약된 원천동 광교중흥에스클래스 20층 매물의 전세금은 얼마입니까?,"[작성일: 2026-01-17] | [수원시 영통구] | 아파트 전세 거래입니다. 거래일자는 2026년 01월 17일입니다. 원천동 (지번: 589)에 위치한 '광교중흥에스클래스' 아파트 20층 매물이 전세금 8억 9000만원으로 계약되었습니다. 전용면적은 84.9388㎡ (약 25.7평)이며, 2019년에 준공된 단지입니다. 계약 기간은 2026년 04월부터 2028년 04월까지입니다."", ""[작성일: 2026-01-17] | [수원시 영통구] | 아파트 전세 거래입니다. 거래일자는 2026년 01월 17일입니다. 원천동 (지번: 589)에 위치한 '광교중흥에스클래스' 아파트 20층 매물이 전세금 8억 8000만원으로 계약되었습니다. 전용면적은 84.9007㎡ (약 25.7평)이며, 2019년에 준공된 단지입니다. 계약 기간은 2026년 02월부터 2028년 02월까지입니다."", ""[작성일: 2026-01-17] | [수원시 영통구] | 아파트 전세 거래입니다. 거래일자는 2026년 01월 17일입니다. 원천동 (지번: 589)에 위치한 '광교중흥에스클래스' 아파트 20층 매물이 전세금 8억 8000만원으로 계약되었습니다. 전용면적은 84.9007㎡ (약 25.7평)이며, 2019년에 준공된 단지입니다."", ""[작성일: 2026-01-17] | [수원시 영통구] | 아파트 전세 거래입니다. 거래일자는 2026년 01월 17일입니다. 원천동 (지번: 589)에 위치한 '광교중흥에스클래스' 아파트 44층 매물이 전세금 9억 7600만원으로 계약되었습니다. 전용면적은 109.6186㎡ (약 33.2평)이며, 2019년에 준공된 단지입니다."", ""[작성일: 2026-01-17] | [수원시 영통구] | 아파트 전세 거래입니다. 거래일자는 2026년 01월 17일입니다. 영통동 (지번: 957-6)에 위치한 '영통에듀파크(321동~327동)' 아파트 10층 매물이 전세금 5억 2000만원으로 계약되었습니다. 전용면적은 84.96㎡ (약 25.7평)이며, 1997년에 준공된 단지입니다. 계약 기간은 2026년 01월부터 2028년 01월까지입니다.","광교중흥에스클래스 (원천동)
거래일자: 2026년 01월 17일
전세금: 8억 8,000만원
전용면적: 84.9007㎡ (약 25.7평)
층수: 20층
준공연도: 2019년",8억 8000만원입니다.
시나리오 1: 단일 팩트 검색,2026년 1월 12일 전세 계약된 영통동 벽적골주공휴먼시아8단지 19층 매물의 전용면적은 얼마입니까?,"[작성일: 2026-01-12] | [수원시 영통구] | 아파트 전세 거래입니다. 거래일자는 2026년 01월 12일입니다. 영통동 (지번: 972-2)에 위치한 '벽적골주공휴먼시아8단지' 아파트 19층 매물이 전세금 2억 3000만원으로 계약되었습니다. 전용면적은 49.59㎡ (약 15.0평)이며, 1997년에 준공된 단지입니다."", ""[작성일: 2026-01-12] | [수원시 영통구] | 아파트 전세 거래입니다. 거래일자는 2026년 01월 12일입니다. 영통동 (지번: 970-3)에 위치한 '벽적골9단지주공' 아파트 14층 매물이 전세금 3억 4000만원으로 계약되었습니다. 전용면적은 59.39㎡ (약 18.0평)이며, 1999년에 준공된 단지입니다. 계약 기간은 2026년 03월부터 2028년 03월까지입니다."", ""[작성일: 2026-01-12] | [수원시 영통구] | 아파트 전세 거래입니다. 거래일자는 2026년 01월 12일입니다. 영통동 (지번: 971-1)에 위치한 '벽적골롯데' 아파트 19층 매물이 전세금 2억 2000만원으로 계약되었습니다. 전용면적은 38.16㎡ (약 11.5평)이며, 2002년에 준공된 단지입니다. 계약 기간은 2026년 02월부터 2028년 02월까지입니다."", ""[작성일: 2026-01-12] | [수원시 영통구] | 아파트 전세 거래입니다. 거래일자는 2026년 01월 12일입니다. 영통동 (지번: 957-6)에 위치한 '영통에듀파크(331동~337동)' 아파트 1층 매물이 전세금 4억 2000만원으로 갱신 계약되었습니다. 전용면적은 84.96㎡ (약 25.7평)이며, 1997년에 준공된 단지입니다. 계약 기간은 2026년 03월부터 2028년 03월까지입니다. 종전계약전세금은 4억원입니다."", ""[작성일: 2026-01-12] | [수원시 영통구] | 아파트 전세 거래입니다. 거래일자는 2026년 01월 12일입니다. 매탄동 (지번: 810)에 위치한 '삼성2' 아파트 12층 매물이 전세금 3억원으로 계약되었습니다. 전용면적은 74.4㎡ (약 22.5평)이며, 1989년에 준공된 단지입니다. 계약 기간은 2026년 02월부터 2028년 02월까지입니다.","벽적골주공휴먼시아8단지 (영통동)
거래일자: 2026년 01월 12일
전세금: 2억 3,000만원
전용면적: 49.59㎡ (약 15.0평)
층수: 19층
준공연도: 1997년",49.59㎡입니다.
시나리오 1: 단일 팩트 검색,2026년 1월 31일에 거래된 매탄동 원천성일 아파트 1층 월세 매물의 보증금과 월세는 각각 얼마입니까?,"[작성일: 2026-01-31] | [수원시 영통구] | 아파트 월세 거래입니다. 거래일자는 2026년 01월 31일입니다. 원천동 (지번: 30-5)에 위치한 '수양' 아파트 3층 매물이 보증금 1억 6500만원, 월세는 10만원으로 계약되었습니다. 전용면적은 55.53㎡ (약 16.8평)이며, 1990년에 준공된 단지입니다. 계약 기간은 2026년 03월부터 2028년 03월까지입니다."", ""[작성일: 2026-01-31] | [수원시 영통구] | 아파트 월세 거래입니다. 거래일자는 2026년 01월 31일입니다. 원천동 (지번: 606)에 위치한 '광교호반베르디움' 아파트 19층 매물이 보증금 3억 3000만원, 월세는 95만원으로 계약되었습니다. 전용면적은 59.9718㎡ (약 18.1평)이며, 2014년에 준공된 단지입니다. 계약 기간은 2026년 04월부터 2028년 04월까지입니다."", ""[작성일: 2026-01-31] | [수원시 영통구] | 아파트 월세 거래입니다. 거래일자는 2026년 01월 31일입니다. 영통동 (지번: 969-1)에 위치한 '삼성' 아파트 2층 매물이 보증금 1억 5000만원, 월세는 120만원으로 계약되었습니다. 전용면적은 84.93㎡ (약 25.7평)이며, 1997년에 준공된 단지입니다. 계약 기간은 2026년 05월부터 2027년 05월까지입니다."", ""[작성일: 2026-01-31] | [수원시 영통구] | 아파트 월세 거래입니다. 거래일자는 2026년 01월 31일입니다. 매탄동 (지번: 1199)에 위치한 '원천성일' 아파트 1층 매물이 보증금 1000만원, 월세는 59만원으로 계약되었습니다. 전용면적은 49.94㎡ (약 15.1평)이며, 1992년에 준공된 단지입니다."", ""[작성일: 2026-01-31] | [수원시 영통구] | 아파트 월세 거래입니다. 거래일자는 2026년 01월 31일입니다. 망포동 (지번: 760)에 위치한 '영통아이파크캐슬2단지' 아파트 2층 매물이 보증금 1억 7000만원, 월세는 180만원으로 계약되었습니다. 전용면적은 84.69㎡ (약 25.6평)이며, 2019년에 준공된 단지입니다. 계약 기간은 2026년 02월부터 2028년 02월까지입니다.","원천성일 아파트 (매탄동)
거래일자: 2026년 01월 31일
보증금: 1,000만원
월세: 59만원
전용면적: 49.94㎡ (약 15.1평)
층수: 1층
준공연도: 1992년","보증금 1000만원, 월세 59만원입니다."
시나리오 1: 단일 팩트 검색,2025년 4월 11일에 거래된 광주시 도척면 방도리 토지의 면적은 몇 ㎡입니까?,"[작성일: 2025-04-11] | [광주시 도척면] | 토지 매매 거래입니다. 거래일자는 2025년 04월 11일입니다. 광주시 도척면 방도리 5번지에 위치한 지목 '도로', 용도지역 '계획관리지역' 토지 매물이 1000만원에 직거래되었습니다. 면적은 27.0㎡ (약 8.2평)입니다."", ""[작성일: 2025-04-11] | [광주시 도척면] | 토지 매매 거래입니다. 거래일자는 2025년 04월 11일입니다. 광주시 도척면 방도리 2번지에 위치한 지목 '도로', 용도지역 '용도미지정' 토지 매물이 7500만원에 중개거래되었습니다. 면적은 165.0㎡ (약 49.9평)입니다. 중개사소재지는 경기 광주시입니다."", ""[작성일: 2025-04-11] | [광주시 도척면] | 토지 매매 거래입니다. 거래일자는 2025년 04월 11일입니다. 광주시 목동 1번지에 위치한 지목 '도로', 용도지역 '계획관리지역' 토지 매물이 1100만원에 중개거래되었습니다. 면적은 26.0㎡ (약 7.9평)입니다. 중개사소재지는 경기 광주시입니다."", ""[작성일: 2025-04-11] | [광주시 도척면] | 토지 매매 거래입니다. 거래일자는 2025년 04월 11일입니다. 광주시 목동 1번지에 위치한 지목 '공장용지', 용도지역 '계획관리지역' 토지 매물이 5억 6700만원에 중개거래되었습니다. 면적은 470.0㎡ (약 142.2평)입니다. 중개사소재지는 경기 광주시입니다."", ""[작성일: 2025-04-11] | [광주시 도척면] | 토지 매매 거래입니다. 거래일자는 2025년 04월 11일입니다. 광주시 신현동 3**번지에 위치한 지목 '전', 용도지역 '계획관리지역' 토지 매물이 2억 2022만원에 중개거래되었습니다. 면적은 520.0㎡ (약 157.3평)입니다. 중개사소재지는 경기 광주시입니다.","광주시 도척면 방도리 2번지**
거래일자: 2025년 04월 11일
면적: 165.0㎡ (약 49.9평)",165.0㎡입니다.
시나리오 1: 단일 팩트 검색,2025년 4월 8일에 직거래된 광주시 초월읍 용수리 토지의 매매 금액은 얼마입니까?,"[작성일: 2025-04-08] | [광주시 초월읍 용수리] | 토지 매매 거래입니다. 거래일자는 2025년 04월 08일입니다. 광주시 초월읍 용수리 2번지에 위치한 지목 '답', 용도지역 '농림지역' 토지 매물이 5억 5000만원에 직거래되었습니다. 면적은 1294.0㎡ (약 391.4평)입니다."", ""[작성일: 2025-04-08] | [광주시 초월읍 용수리] | 토지 매매 거래입니다. 거래일자는 2025년 04월 08일입니다. 광주시 도척면 추곡리 2번지에 위치한 지목 '답', 용도지역 '생산관리지역' 토지 매물이 6160만원에 직거래되었습니다. 면적은 463.0㎡ (약 140.1평)입니다."", ""[작성일: 2025-04-08] | [광주시 초월읍 용수리] | 토지 매매 거래입니다. 거래일자는 2025년 04월 08일입니다. 광주시 도척면 추곡리 2번지에 위치한 지목 '답', 용도지역 '생산관리지역' 토지 매물이 1억 6140만원에 직거래되었습니다. 면적은 1213.0㎡ (약 366.9평)입니다."", ""[작성일: 2025-04-08] | [광주시 초월읍 용수리] | 토지 매매 거래입니다. 거래일자는 2025년 04월 08일입니다. 광주시 초월읍 학동리 5*번지에 위치한 지목 '공장용지', 용도지역 '계획관리지역' 토지 매물이 1억원에 직거래되었습니다. 면적은 775.0㎡ (약 234.4평)입니다."", ""[작성일: 2025-04-08] | [광주시 초월읍 용수리] | 토지 매매 거래입니다. 거래일자는 2025년 04월 08일입니다. 광주시 초월읍 도평리 1번지에 위치한 지목 '대', 용도지역 '계획관리지역' 토지 매물이 1억 1457만원에 직거래되었습니다. 면적은 139.48㎡ (약 42.2평)입니다.","광주시 초월읍 용수리 2번지**
거래일자: 2025년 04월 08일
매매 금액: 5억 5,000만원
면적: 1294.0㎡ (약 391.4평)",5억 5000만원입니다.
시나리오 1: 단일 팩트 검색,2025년 4월 2일에 토지 매매 거래된 광주시 남한산성면 불당리 6*번지 토지의 용도지역은 무엇입니까?,"[작성일: 2025-04-02] | [광주시 남한산성면] | 토지 매매 거래입니다. 거래일자는 2025년 04월 02일입니다. 광주시 남한산성면 불당리 6번지에 위치한 지목 '전', 용도지역 '개발제한구역' 토지 매물이 702만원에 직거래되었습니다. 면적은 20.0㎡ (약 6.0평)입니다."", ""[작성일: 2025-04-02] | [광주시 남한산성면] | 토지 매매 거래입니다. 거래일자는 2025년 04월 02일입니다. 광주시 남한산성면 불당리 6번지에 위치한 지목 '전', 용도지역 '개발제한구역' 토지 매물이 1억 6497만원에 직거래되었습니다. 면적은 467.0㎡ (약 141.3평)입니다."", ""[작성일: 2025-04-02] | [광주시 남한산성면] | 토지 매매 거래입니다. 거래일자는 2025년 04월 02일입니다. 광주시 남한산성면 불당리 6*번지에 위치한 지목 '전', 용도지역 '개발제한구역' 토지 매물이 1170만원에 직거래되었습니다. 면적은 33.0㎡ (약 10.0평)입니다."", ""[작성일: 2025-04-02] | [광주시 남한산성면] | 토지 매매 거래입니다. 거래일자는 2025년 04월 02일입니다. 광주시 신현동 7번지에 위치한 지목 '잡종지', 용도지역 '계획관리지역' 토지 매물이 2900만원에 중개거래되었습니다. 면적은 28.77㎡ (약 8.7평)입니다. 중개사소재지는 경기 광주시입니다."", ""[작성일: 2025-04-02] | [광주시 남한산성면] | 토지 매매 거래입니다. 거래일자는 2025년 04월 02일입니다. 광주시 신현동 7번지에 위치한 지목 '도로', 용도지역 '계획관리지역' 토지 매물이 2200만원에 중개거래되었습니다. 면적은 42.5㎡ (약 12.9평)입니다. 중개사소재지는 경기 광주시입니다.",용도지역: 개발제한구역,개발제한구역입니다.
시나리오 1: 단일 팩트 검색,2026년 4월 24일 월세 계약된 부천시 대우마이빌 오피스텔 8층 매물의 계약기간은 언제부터 언제까지입니까?,"[작성일: 2026-04-24] | [부천시] | 오피스텔 월세 거래입니다. 거래일자는 2026년 04월 24일입니다. 상동 (지번: 442-1)에 위치한 '상동 대우마이빌' 오피스텔 8층 매물이 보증금 500만원, 월세 50만원으로 계약되었습니다. 전용면적은 30.32㎡ (약 9.2평)이며, 건축년도는 2003년입니다. 계약기간은 2026년 04월부터 2027년 04월까지입니다. 갱신요구권은 미사용입니다."", ""[작성일: 2026-04-24] | [부천시] | 오피스텔 월세 거래입니다. 거래일자는 2026년 04월 24일입니다. 심곡본동 (지번: 776-2)에 위치한 '월드메르디앙 소사역' 오피스텔 8층 매물이 보증금 5000만원, 월세 135만원으로 계약되었습니다. 전용면적은 80.45㎡ (약 24.3평)이며, 건축년도는 2023년입니다. 계약기간은 2026년 05월부터 2028년 05월까지입니다. 갱신요구권은 미사용입니다."", ""[작성일: 2026-04-24] | [부천시] | 오피스텔 월세 거래입니다. 거래일자는 2026년 04월 24일입니다. 중동 (지번: 1149)에 위치한 '부천중동리슈빌엔클래스' 오피스텔 11층 매물이 보증금 3억원, 월세 10만원으로 계약되었습니다. 전용면적은 94.2㎡ (약 28.5평)이며, 건축년도는 2006년입니다. 계약기간은 2026년 06월부터 2028년 06월까지입니다. 갱신요구권은 미사용입니다."", ""[작성일: 2026-04-24] | [부천시] | 오피스텔 월세 거래입니다. 거래일자는 2026년 04월 24일입니다. 중동 (지번: 1144-3)에 위치한 '디아뜨갤러리3 A동' 오피스텔 11층 매물이 보증금 400만원, 월세 36만원으로 계약되었습니다. 전용면적은 17.41㎡ (약 5.3평)이며, 건축년도는 2004년입니다. 계약기간은 2026년 04월부터 2027년 04월까지입니다. 갱신요구권은 미사용입니다."", ""[작성일: 2026-04-24] | [부천시] | 오피스텔 월세 거래입니다. 거래일자는 2026년 04월 24일입니다. 중동 (지번: 1152-3)에 위치한 '메트로팰리스1 비동' 오피스텔 12층 매물이 보증금 500만원, 월세 40만원으로 계약되었습니다. 전용면적은 17.39㎡ (약 5.3평)이며, 건축년도는 2004년입니다. 계약기간은 2026년 04월부터 2027년 04월까지입니다. 갱신요구권은 미사용입니다.","상동 대우마이빌 (상동)
거래일자: 2026년 04월 24일
보증금/월세: 500만원 / 50만원
전용면적: 30.32㎡ (약 9.2평)
층수: 8층
건축년도: 2003년
계약기간: 2026년 04월부터 2027년 04월까지
갱신요구권: 미사용",2026년 04월부터 2027년 04월까지입니다.
시나리오 1: 단일 팩트 검색,2026년 4월 29일에 전세 계약된 부천시 솔라리움A동 6층 오피스텔의 전세금은 얼마입니까?,"[작성일: 2026-04-29] | [부천시] | 오피스텔 전세 거래입니다. 거래일자는 2026년 04월 29일입니다. 중동 (지번: 1034)에 위치한 '솔라리움A동' 오피스텔 6층 매물이 전세금 1억 6200만원으로 계약되었습니다. 전용면적은 25.38㎡ (약 7.7평)이며, 건축년도는 2020년입니다. 계약기간은 2026년 06월부터 2028년 06월까지입니다. 갱신요구권은 미사용입니다."", ""[작성일: 2026-04-29] | [부천시] | 오피스텔 전세 거래입니다. 거래일자는 2026년 04월 29일입니다. 중동 (지번: 1034-1)에 위치한 '솔라리움B동' 오피스텔 10층 매물이 전세금 1억 7500만원으로 갱신 계약되었습니다. 전용면적은 26.02㎡ (약 7.9평)이며, 건축년도는 2020년입니다. 계약기간은 2026년 06월부터 2028년 06월까지입니다. 갱신요구권은 사용입니다. 종전계약전세금은 1억 7500만원입니다."", ""[작성일: 2026-04-29] | [부천시] | 오피스텔 월세 거래입니다. 거래일자는 2026년 04월 29일입니다. 중동 (지번: 1034)에 위치한 '솔라리움A동' 오피스텔 7층 매물이 보증금 1억 6200만원, 월세 5만원으로 계약되었습니다. 전용면적은 26.02㎡ (약 7.9평)이며, 건축년도는 2020년입니다. 계약기간은 2026년 06월부터 2028년 06월까지입니다. 갱신요구권은 미사용입니다."", ""[작성일: 2026-04-29] | [부천시] | 오피스텔 전세 거래입니다. 거래일자는 2026년 04월 29일입니다. 중동 (지번: 1145-1)에 위치한 '매트로펠리스Ⅱ-B' 오피스텔 3층 매물이 전세금 7800만원으로 계약되었습니다. 전용면적은 24.05㎡ (약 7.3평)이며, 건축년도는 2004년입니다. 계약기간은 2026년 06월부터 2028년 06월까지입니다. 갱신요구권은 미사용입니다."", ""[작성일: 2026-04-29] | [부천시] | 오피스텔 전세 거래입니다. 거래일자는 2026년 04월 29일입니다. 상동 (지번: 532-1)에 위치한 '굿모닝위너스빌' 오피스텔 8층 매물이 전세금 8000만원으로 계약되었습니다. 전용면적은 27.89㎡ (약 8.4평)이며, 건축년도는 2003년입니다. 계약기간은 2026년 05월부터 2028년 05월까지입니다. 갱신요구권은 미사용입니다.","솔라리움A동 (6층)
거래일자: 2026년 04월 29일
거래금액: 1억 6,200만원
전용면적: 25.38㎡ (약 7.7평)
층수: 6층
준공연도: 2020년",1억 6200만원입니다.
시나리오 1: 단일 팩트 검색,2024년 8월 8일에 월세 계약된 이의동 광교하이니티 오피스텔 6층의 보증금과 월세는 얼마입니까?,"[작성일: 2024-08-08] | [수원시 영통구] | 오피스텔 월세 거래입니다. 거래일자는 2024년 08월 08일입니다. 하동 (지번: 1019)에 위치한 '광교 더샵 레이크파크' 오피스텔 8층 매물이 보증금 2억 5000만원, 월세 130만원으로 계약되었습니다. 전용면적은 72.61㎡ (약 22.0평)이며, 건축년도는 년입니다. 계약기간은 2024년 08월부터 2026년 08월까지입니다. 갱신요구권은 미사용입니다."", ""[작성일: 2024-08-08] | [수원시 영통구] | 오피스텔 월세 거래입니다. 거래일자는 2024년 08월 08일입니다. 이의동 (지번: 1348-2)에 위치한 '광교하이니티' 오피스텔 6층 매물이 보증금 500만원, 월세 75만원으로 계약되었습니다. 전용면적은 28.32㎡ (약 8.6평)이며, 건축년도는 2013년입니다. 계약기간은 2024년 08월부터 2025년 08월까지입니다. 갱신요구권은 미사용입니다."", ""[작성일: 2024-08-08] | [수원시 영통구] | 오피스텔 월세 거래입니다. 거래일자는 2024년 08월 08일입니다. 이의동 (지번: 1351-1)에 위치한 '광교데시앙루브' 오피스텔 10층 매물이 보증금 1억원, 월세 40만원으로 계약되었습니다. 전용면적은 29.45㎡ (약 8.9평)이며, 건축년도는 2012년입니다. 계약기간은 2024년 09월부터 2026년 09월까지입니다. 갱신요구권은 미사용입니다."", ""[작성일: 2024-08-08] | [수원시 영통구] | 오피스텔 월세 거래입니다. 거래일자는 2024년 08월 08일입니다. 이의동 (지번: 1351-6)에 위치한 '광교유니코어' 오피스텔 13층 매물이 보증금 3000만원, 월세 53만원으로 갱신 계약되었습니다. 전용면적은 20.43㎡ (약 6.2평)이며, 건축년도는 2018년입니다. 계약기간은 2024년 07월부터 2025년 07월까지입니다. 갱신요구권은 미사용입니다. 종전계약보증금은 3000만원, 종전계약월세 50만원입니다."", ""[작성일: 2024-08-08] | [수원시 영통구] | 오피스텔 월세 거래입니다. 거래일자는 2024년 08월 08일입니다. 이의동 (지번: 1331)에 위치한 '광교 푸르지오 월드마크' 오피스텔 9층 매물이 보증금 500만원, 월세 75만원으로 계약되었습니다. 전용면적은 23.13㎡ (약 7.0평)이며, 건축년도는 2015년입니다. 계약기간은 2024년 09월부터 2025년 09월까지입니다. 갱신요구권은 미사용입니다.","광교하이니티 (이의동)
거래일자: 2024년 08월 08일
보증금: 500만원
월세: 75만원
전용면적: 28.32㎡ (약 8.6평)
층수: 6층
건축년도: 2013년","보증금 500만원, 월세 75만원입니다."
시나리오 1: 단일 팩트 검색,2024년 8월 7일에 이의동에서 갱신 계약된 광교센트럴푸르지오시티 10층 오피스텔의 전용면적은 얼마입니까?,"[작성일: 2024-08-07] | [수원시 영통구] | 오피스텔 월세 거래입니다. 거래일자는 2024년 08월 07일입니다. 이의동 (지번: 1257-1)에 위치한 '광교에코푸르지오시티 B동' 오피스텔 7층 매물이 보증금 500만원, 월세 47만원으로 갱신 계약되었습니다. 전용면적은 38.83㎡ (약 11.7평)이며, 건축년도는 2014년입니다. 계약기간은 2024년 09월부터 2025년 08월까지입니다. 갱신요구권은 미사용입니다. 종전계약보증금은 500만원, 종전계약월세 42만원입니다."", ""[작성일: 2024-08-07] | [수원시 영통구] | 오피스텔 월세 거래입니다. 거래일자는 2024년 08월 07일입니다. 이의동 (지번: 1331)에 위치한 '광교 푸르지오 월드마크' 오피스텔 2층 매물이 보증금 1000만원, 월세 90만원으로 계약되었습니다. 전용면적은 32.06㎡ (약 9.7평)이며, 건축년도는 2015년입니다. 계약기간은 2024년 09월부터 2025년 09월까지입니다. 갱신요구권은 미사용입니다."", ""[작성일: 2024-08-07] | [수원시 영통구] | 오피스텔 월세 거래입니다. 거래일자는 2024년 08월 07일입니다. 이의동 (지번: 1351-4)에 위치한 'e편한세상 시티 광교' 오피스텔 4층 매물이 보증금 1000만원, 월세 75만원으로 계약되었습니다. 전용면적은 21.56㎡ (약 6.5평)이며, 건축년도는 2023년입니다. 계약기간은 2024년 09월부터 2025년 09월까지입니다. 갱신요구권은 미사용입니다."", ""[작성일: 2024-08-07] | [수원시 영통구] | 오피스텔 전세 거래입니다. 거래일자는 2024년 08월 07일입니다. 하동 (지번: 1014)에 위치한 '광교 힐스테이트 레이크' 오피스텔 37층 매물이 전세금 4억 8000만원으로 계약되었습니다. 전용면적은 84.68㎡ (약 25.6평)이며, 건축년도는 2015년입니다. 계약기간은 2024년 09월부터 2026년 09월까지입니다. 갱신요구권은 미사용입니다."", ""[작성일: 2024-08-07] | [수원시 영통구] | 오피스텔 전세 거래입니다. 거래일자는 2024년 08월 07일입니다. 이의동 (지번: 1338)에 위치한 '광교센트럴푸르지오시티' 오피스텔 10층 매물이 전세금 1억 6500만원으로 갱신 계약되었습니다. 전용면적은 22.62㎡ (약 6.8평)이며, 건축년도는 2015년입니다. 계약기간은 2024년 09월부터 2025년 09월까지입니다. 갱신요구권은 사용입니다. 종전계약전세금은 1억 6500만원입니다.","광교센트럴푸르지오시티 (이의동)
거래일자: 2024년 08월 07일
전세금: 1억 6500만원
전용면적: 22.62㎡ (약 6.8평)
층수: 10층
건축년도: 2015년
계약기간: 2024년 09월부터 2025년 09월까지
갱신요구권: 사용",22.62㎡입니다.
시나리오 1: 단일 팩트 검색,2025년 1월 14일에 세류동에서 6억 7000만원으로 거래된 단독주택의 대지면적은 얼마입니까?,"[작성일: 2025-01-14] | [수원시] | 단독주택 매매 거래입니다. 거래일자는 2025년 01월 14일 입니다. 세류동 (지번: 1***)에 위치한 단독주택 매물이 6억 7000만원에 중개거래되었습니다. 연면적 325.3㎡ (약 98.4평), 대지면적 210.5㎡ (약 63.7평)입니다. 건축년도는 1989년입니다. 매도자 구분은 개인, 매수자 구분은 개인입니다. 중개사소재지는 경기 수원시 권선구입니다.', '[작성일: 2025-01-14] | [수원시] | 단독주택 월세 거래입니다. 거래일자는 2025년 01월 14일 입니다. 율전동에 위치한 단독주택 매물이 보증금 300만원, 월세 30만원에 신규거래 되었습니다. 건축년도는 2009년이며, 연면적은 18.15㎡ (약 5.5평)입니다. 갱신요구권은 미사용 상태입니다. 계약기간은 2025년 02월부터 2026년 02월까지입니다.', '[작성일: 2025-01-14] | [수원시] | 단독주택 월세 거래입니다. 거래일자는 2025년 01월 14일 입니다. 율전동에 위치한 단독주택 매물이 보증금 500만원, 월세 30만원에 신규거래 되었습니다. 건축년도는 2002년이며, 연면적은 23.1㎡ (약 7.0평)입니다. 갱신요구권은 미사용 상태입니다. 계약기간은 2025년 02월부터 2026년 02월까지입니다.', '[작성일: 2025-01-14] | [수원시] | 단독주택 월세 거래입니다. 거래일자는 2025년 01월 14일 입니다. 율전동에 위치한 단독주택 매물이 보증금 500만원, 월세 40만원에 신규거래 되었습니다. 건축년도는 2014년이며, 연면적은 15.0㎡ (약 4.5평)입니다. 갱신요구권은 미사용 상태입니다. 계약기간은 정보없음입니다.', '[작성일: 2025-01-14] | [수원시] | 단독주택 월세 거래입니다. 거래일자는 2025년 01월 14일 입니다. 세류동에 위치한 단독주택 매물이 보증금 5000만원, 월세 20만원에 신규거래 되었습니다. 건축년도는 1989년이며, 연면적은 40.0㎡ (약 12.1평)입니다. 갱신요구권은 미사용 상태입니다. 계약기간은 2025년 02월부터 2027년 02월까지입니다.",대지면적: 210.5㎡ (약 63.7평),210.5㎡입니다.
시나리오 1: 단일 팩트 검색,2026년 4월 22일 월세 계약된 안산시 더하임 다세대주택 3층 매물의 전용면적은 몇 ㎡입니까?,"[작성일: 2026-04-22] | [안산시] | 아파트 월세 거래입니다. 거래일자는 2026년 04월 22일입니다. 선부동 (지번: 998)에 위치한 '안산한신더휴' 아파트 16층 매물이 보증금 3000만원, 월세는 120만원으로 계약되었습니다. 전용면적은 59.9324㎡ (약 18.1평)이며, 2024년에 준공된 단지입니다. 계약 기간은 2026년 06월부터 2028년 06월까지입니다."", ""[작성일: 2026-04-22] | [안산시] | 다세대주택 월세 거래입니다. 거래일자는 2026년 04월 22일입니다. 사동 (지번: 1247-9)에 위치한 '(1247-9)' 다세대주택 4층 매물이 보증금 7000만원, 월세 20만원으로 계약되었습니다. 전용면적은 29.9925㎡ (약 9.1평)입니다. 건축년도는 2017년입니다. 계약기간은 2026년 06월부터 2028년 06월까지입니다. 갱신요구권 사용여부는 미사용입니다."", ""[작성일: 2026-04-22] | [안산시] | 다세대주택 월세 거래입니다. 거래일자는 2026년 04월 22일입니다. 와동 (지번: 821-20)에 위치한 '더하임(821-20)' 다세대주택 3층 매물이 보증금 3000만원, 월세 85만원으로 계약되었습니다. 전용면적은 58.545㎡ (약 17.7평)입니다. 건축년도는 2016년입니다. 계약기간은 2026년 05월부터 2028년 05월까지입니다. 갱신요구권 사용여부는 미사용입니다."", ""[작성일: 2026-04-22] | [안산시] | 다세대주택 월세 거래입니다. 거래일자는 2026년 04월 22일입니다. 월피동 (지번: 505-7)에 위치한 '로젠하임(505-7)' 다세대주택 3층 매물이 보증금 8000만원, 월세 23만원으로 계약되었습니다. 전용면적은 38.44㎡ (약 11.6평)입니다. 건축년도는 2013년입니다. 계약기간은 2026년 05월부터 2028년 05월까지입니다. 갱신요구권 사용여부는 미사용입니다."", ""[작성일: 2026-04-22] | [안산시] | 다세대주택 월세 거래입니다. 거래일자는 2026년 04월 22일입니다. 와동 (지번: 754-6)에 위치한 '단원블리스' 다세대주택 5층 매물이 보증금 1000만원, 월세 95만원으로 계약되었습니다. 전용면적은 81.2㎡ (약 24.6평)입니다. 건축년도는 2010년입니다. 계약기간은 2026년 04월부터 2028년 04월까지입니다. 갱신요구권 사용여부는 미사용입니다.","더하임(821-20) (와동)
거래일자: 2026년 04월 22일
보증금/월세: 3,000만원 / 85만원
전용면적: 58.545㎡ (약 17.7평)
층수: 3층
건축년도: 2016년
계약기간: 2026년 05월 ~ 2028년 05월
갱신요구권 사용여부: 미사용",58.545㎡입니다.
시나리오 1: 단일 팩트 검색,2026년 4월 11일 월세 계약된 안산시 선부파크빌라 연립주택 3층 매물의 월세는 얼마입니까?,"[작성일: 2026-04-11] | [안산시] | 연립주택 월세 거래입니다. 거래일자는 2026년 04월 11일입니다. 선부동 (지번: 964)에 위치한 '선부파크빌라' 연립주택 3층 매물이 보증금 500만원, 월세 50만원으로 계약되었습니다. 전용면적은 54.99㎡ (약 16.6평)입니다. 건축년도는 1990년입니다. 계약기간은 2026년 05월부터 2026년 11월까지입니다. 갱신요구권 사용여부는 미사용입니다."", ""[작성일: 2026-04-11] | [안산시] | 아파트 월세 거래입니다. 거래일자는 2026년 04월 11일입니다. 선부동 (지번: 1081)에 위치한 '산호한양' 아파트 20층 매물이 보증금 1000만원, 월세는 50만원으로 계약되었습니다. 전용면적은 29.2725㎡ (약 8.9평)이며, 1993년에 준공된 단지입니다. 계약 기간은 2026년 05월부터 2028년 05월까지입니다."", ""[작성일: 2026-04-11] | [안산시] | 아파트 월세 거래입니다. 거래일자는 2026년 04월 11일입니다. 원시동 (지번: 850)에 위치한 '안산스마트허브경기행복주택' 아파트 8층 매물이 보증금 1829만원, 월세는 8만원으로 계약되었습니다. 전용면적은 16.74㎡ (약 5.1평)이며, 2021년에 준공된 단지입니다. 계약 기간은 2026년 06월부터 2028년 05월까지입니다."", ""[작성일: 2026-04-11] | [안산시] | 아파트 월세 거래입니다. 거래일자는 2026년 04월 11일입니다. 원곡동 (지번: 1003)에 위치한 '안산푸르지오브리파크' 아파트 19층 매물이 보증금 2억 5000만원, 월세는 73만원으로 계약되었습니다. 전용면적은 84.6097㎡ (약 25.6평)이며, 2023년에 준공된 단지입니다. 계약 기간은 2026년 05월부터 2028년 04월까지입니다."", ""[작성일: 2026-04-11] | [안산시] | 아파트 전세 거래입니다. 거래일자는 2026년 04월 11일입니다. 선부동 (지번: 998)에 위치한 '안산한신더휴' 아파트 24층 매물이 전세금 2억 5200만원으로 갱신 계약되었습니다. 전용면적은 59.9324㎡ (약 18.1평)이며, 2024년에 준공된 단지입니다. 계약 기간은 2026년 05월부터 2028년 05월까지입니다. 종전계약전세금은 2억 4000만원입니다.","선부파크빌라 (선부동)
거래일자: 2026년 04월 11일
보증금/월세: 500만원 / 50만원
전용면적: 54.99㎡ (약 16.6평)
층수: 3층
건축년도: 1990년
계약기간: 2026년 05월 ~ 2026년 11월
갱신요구권 사용여부: 미사용",50만원입니다.
시나리오 1: 단일 팩트 검색,2025년 8월 30일에 거래된 금정동 율곡 아파트 17층 매물의 매매금액은 얼마입니까?,"[작성일: 2025-08-30] | [군포시] | 아파트 매매 거래입니다. 거래일자는 2025년 8월 30일입니다. 산본동 (지번: 1151-9)에 위치한 '설악2' 아파트 860동 21층 매물이 거래금액 3억원에 중개거래되었습니다. 이 단지는 1996년에 준공되었으며, 전용면적은 49.89㎡ (약 15.1평)입니다. 중개사 소재지는 경기 군포시입니다."", ""[작성일: 2025-08-30] | [군포시] | 아파트 매매 거래입니다. 거래일자는 2025년 8월 30일입니다. 금정동 (지번: 876)에 위치한 '율곡' 아파트 349동 17층 매물이 거래금액 3억 5000만원에 중개거래되었습니다. 이 단지는 1994년에 준공되었으며, 전용면적은 51.66㎡ (약 15.6평)입니다. 중개사 소재지는 경기 군포시입니다."", ""[작성일: 2025-08-30] | [군포시] | 아파트 매매 거래입니다. 거래일자는 2025년 8월 30일입니다. 금정동 (지번: 876)에 위치한 '율곡' 아파트 333동 11층 매물이 거래금액 3억 7000만원에 중개거래되었습니다. 이 단지는 1994년에 준공되었으며, 전용면적은 58.46㎡ (약 17.7평)입니다. 중개사 소재지는 경기 군포시입니다."", ""[작성일: 2025-08-30] | [군포시] | 아파트 매매 거래입니다. 거래일자는 2025년 8월 30일입니다. 산본동 (지번: 1148-4)에 위치한 '주공9단지금강' 아파트 908동 9층 매물이 거래금액 3억 4600만원에 중개거래되었습니다. 이 단지는 1994년에 준공되었으며, 전용면적은 58.71㎡ (약 17.8평)입니다. 중개사 소재지는 경기 군포시입니다."", ""[작성일: 2025-08-30] | [군포시] | 아파트 매매 거래입니다. 거래일자는 2025년 8월 30일입니다. 산본동 (지번: 1240)에 위치한 '래미안하이어스' 아파트 120동 31층 매물이 거래금액 9억 9000만원에 중개거래되었습니다. 이 단지는 2010년에 준공되었으며, 전용면적은 84.95㎡ (약 25.7평)입니다. 중개사 소재지는 경기 군포시, 경기 안양시 만안구입니다.","율곡 아파트 (349동)
거래일자: 2025년 08월 30일
거래금액: 3억 5,000만원
전용면적: 51.66㎡ (약 15.6평)
층수: 17층
준공연도: 1994년",3억 5000만원입니다.
시나리오 1: 단일 팩트 검색,2025년 8월 16일 중개거래된 산본동 세종 아파트 17층 매물의 거래금액은 얼마입니까?,"[작성일: 2025-08-16] | [군포시] | 아파트 매매 거래입니다. 거래일자는 2025년 8월 16일입니다. 산본동 (지번: 1145)에 위치한 '세종' 아파트 634동 17층 매물이 거래금액 4억 8000만원에 중개거래되었습니다. 이 단지는 1994년에 준공되었으며, 전용면적은 58.71㎡ (약 17.8평)입니다. 중개사 소재지는 경기 군포시입니다."", ""[작성일: 2025-08-16] | [군포시] | 아파트 매매 거래입니다. 거래일자는 2025년 8월 16일입니다. 산본동 (지번: 1145)에 위치한 '세종' 아파트 636동 14층 매물이 거래금액 4억 6000만원에 중개거래되었습니다. 이 단지는 1994년에 준공되었으며, 전용면적은 58.46㎡ (약 17.7평)입니다. 중개사 소재지는 경기 군포시입니다."", ""[작성일: 2025-08-16] | [군포시] | 아파트 매매 거래입니다. 거래일자는 2025년 8월 16일입니다. 금정동 (지번: 744-1)에 위치한 '신환' 아파트 3층 매물이 거래금액 2억 6500만원에 중개거래되었으나, 25.09.03부로 해제되었습니다. 이 단지는 1990년에 준공되었으며, 전용면적은 54.27㎡ (약 16.4평)입니다. 중개사 소재지는 경기 군포시입니다."", ""[작성일: 2025-08-16] | [군포시] | 아파트 매매 거래입니다. 거래일자는 2025년 8월 16일입니다. 산본동 (지번: 1151-5)에 위치한 '한양수리' 아파트 816동 16층 매물이 거래금액 8억 2000만원에 중개거래되었습니다. 이 단지는 1994년에 준공되었으며, 전용면적은 149.764㎡ (약 45.3평)입니다. 중개사 소재지는 경기 군포시입니다."", ""[작성일: 2025-08-16] | [군포시] | 아파트 매매 거래입니다. 거래일자는 2025년 8월 16일입니다. 금정동 (지번: 744-1)에 위치한 '신환' 아파트 4동 3층 매물이 거래금액 2억 6500만원에 중개거래되었습니다. 이 단지는 1990년에 준공되었으며, 전용면적은 54.27㎡ (약 16.4평)입니다. 중개사 소재지는 경기 군포시입니다.","세종 아파트 (634동)
거래일자: 2025년 08월 16일
거래금액: 4억 8,000만원
전용면적: 58.71㎡ (약 17.8평)
층수: 17층
준공연도: 1994년",4억 8000만원입니다.
시나리오 1: 단일 팩트 검색,"2026년 5월 4일 국세청 발표 기준, 2025년 귀속 양도세 확정신고 대상자는 내달 며칠까지 신고·납부해야 합니까?","국세청, 양도세 신고·납부 다음달1일까지…“세금 탈루 예외 없이 추징” 국세청이 2025년 귀속 양도소득세 확정신고 대상 22만명에게 안내문을 발송하고, 양도소득세 탈루에 대해 강력한 대응 방침을 밝히며 주의를 당부했다. 국세청은 4일 2025년 귀속 양도세 확정신고 대상자는 내달 1일까지 신고·납부해야 한다고 밝혔다. 지난해 부동산과 주식 등을 팔고 예정신고를 하지 않았거나, 2회 이상 양도 후 소득 금액을 합산해 신고하지 않은 납세자 등이 이번 확정신고 대상이다. 예정신고 의무가 없는 국외주식 및 파생상품 거래로 양도소득이 발생한 납세자의 경우도 포함된다. 이번 대상자는 오는 6월1일까지 양도소득세를 신고·납부해야 하며 국세청은 약 22만명에게 이날부터 모바일 신고 안내문을 발송한다. 60세 이상 고령의 납세자에게는 우편 신고 안내문도 함께 발송해 편의를 지원한다. 이번 확정신고 대상자가 신고기한 내 신고하지 않을 경우 무신고납부 세액에 20%의 무신고 가산세가 부과된다. 미납 시에는 미납세액에 0.022%(1일)의 납부지연 가산세가 부과된다. 납세자는 홈택스(PC)와 손택스(모바일)를 통해 전자신고할 수 있으며, 신고서를 작성해 주소지 관할 세무서에 제출하는 등 서면 신고도 가능하다. 자진 납부할 세금은 신고 후에 가상계좌이체, 신용카드, 간편결제 등 다양한 방식으로 납부할 수 있고 납부서를 출력해 금융기관에서 납부도 가능하다. 아울러 일정 금액 이상은 분할 납부도 허용된다. 양도소득세 납부할 세액이 1천만원을 초과하는 경우 세액의 일부를 8월3일까지 나누어 납부할 수 있다. 세액 2천만원 이하는 1천만원 초과분, 세액 2천만원 초과시에는 전체 세액의 50%를 분납 가능하다. 특히 올해는 납세자를 위해 신고의 편의성이 한층 강화됐다. 먼저 이미 신고했던 예정신고 내역이 있다면, 기존 예정신고 내역을 자동으로 불러오는 ‘미리채움 서비스’ 기능을 제공한다', '[작성일: 2026-05-04] | [] | 단독주택 월세 거래입니다. 거래일자는 2026년 05월 04일 입니다. 모현읍 초부리에 위치한 단독주택 매물이 보증금 200만원, 월세 25만원에 신규거래 되었습니다. 건축년도는 1997년이며, 연면적은 60.0㎡ (약 18.1평)입니다. 갱신요구권은 미사용 상태입니다. 계약기간은 2026년 06월부터 2027년 06월까지입니다.', '[작성일: 2026-05-04] | [] | 단독주택 월세 거래입니다. 거래일자는 2026년 05월 04일 입니다. 양평읍 공흥리에 위치한 단독주택 매물이 보증금 500만원, 월세 55만원에 신규거래 되었습니다. 건축년도는 2022년이며, 연면적은 24.42㎡ (약 7.4평)입니다. 갱신요구권은 미사용 상태입니다. 계약기간은 2026년 05월부터 2027년 05월까지입니다.', '[작성일: 2026-05-04] | [] | 단독주택 전세 거래입니다. 거래일자는 2026년 05월 04일 입니다. 고덕면 당현리에 위치한 단독주택 매물이 전세금 1억 3000만원에 신규거래 되었습니다. 건축년도는 2014년이며, 연면적은 96.99㎡ (약 29.3평)입니다. 갱신요구권은 미사용 상태입니다. 계약기간은 2026년 05월부터 2028년 05월까지입니다.', '[작성일: 2026-05-04] | [] | 단독주택 월세 거래입니다. 거래일자는 2026년 05월 04일 입니다. 고림동에 위치한 단독주택 매물이 보증금 300만원, 월세 27만원에 신규거래 되었습니다. 건축년도는 1997년이며, 연면적은 16.53㎡ (약 5.0평)입니다. 갱신요구권은 미사용 상태입니다. 계약기간은 2026년 05월부터 2027년 05월까지입니다.']}",2025년 귀속 양도세 확정신고 대상자는 2026년 6월 1일까지 신고·납부해야 합니다.,내달 1일까지입니다.
시나리오 2: 복합 정보 요약 및 추론,2025년 1월에 거래된 수원시의 늘푸른벽산 아파트와 수원광교행복주택의 준공 연도 차이는 몇 년입니까?,"[작성일: 2025-01-22] | [수원시] | 아파트 월세 거래입니다. 거래일자는 2025년 01월 22일입니다. 율전동 (지번: 322)에 위치한 '늘푸른벽산' 아파트 4층 매물이 보증금 1000만원, 월세는 70만원으로 계약되었습니다. 전용면적은 36.54㎡ (약 11.1평)이며, 1998년에 준공된 단지입니다. 계약 기간은 2025년 02월부터 2027년 02월까지입니다."", ""[작성일: 2025-01-03] | [수원시] | 아파트 월세 거래입니다. 거래일자는 2025년 01월 03일입니다. 이의동 (지번: 1284)에 위치한 '수원광교행복주택' 아파트 5층 매물이 보증금 6826만원, 월세는 34만원으로 계약되었습니다. 전용면적은 36.7㎡ (약 11.1평)이며, 2018년에 준공된 단지입니다. 계약 기간은 2025년 04월부터 2027년 03월까지입니다."", ""[작성일: 2025-01-08] | [수원시] | 아파트 월세 거래입니다. 거래일자는 2025년 01월 08일입니다. 이의동 (지번: 1284)에 위치한 '수원광교행복주택' 아파트 2층 매물이 보증금 6826만원, 월세는 34만원으로 계약되었습니다. 전용면적은 36.7㎡ (약 11.1평)이며, 2018년에 준공된 단지입니다. 계약 기간은 2025년 04월부터 2027년 03월까지입니다."", ""[작성일: 2025-01-03] | [수원시] | 아파트 월세 거래입니다. 거래일자는 2025년 01월 03일입니다. 이의동 (지번: 1284)에 위치한 '수원광교행복주택' 아파트 9층 매물이 보증금 6826만원, 월세는 34만원으로 계약되었습니다. 전용면적은 36.7㎡ (약 11.1평)이며, 2018년에 준공된 단지입니다. 계약 기간은 2025년 04월부터 2027년 03월까지입니다."", ""[작성일: 2025-01-21] | [수원시] | 아파트 월세 거래입니다. 거래일자는 2025년 01월 21일입니다. 오목천동 (지번: 1180)에 위치한 '수원권선꿈에그린아파트' 아파트 4층 매물이 보증금 9790만원, 월세는 61만원으로 계약되었습니다. 전용면적은 84.7474㎡ (약 25.6평)이며, 2018년에 준공된 단지입니다. 계약 기간은 2025년 02월부터 2027년 02월까지입니다.""","늘푸른벽산 (율전동)
준공연도: 1998년
수원광교행복주택 (이의동)
준공연도: 2018년
두 아파트의 준공 연도 차이는 20년입니다.",두 아파트의 준공 연도 차이는 20년입니다.
시나리오 2: 복합 요약 및 추론,양도세 납부 세액이 2천만원을 초과할 경우 분납 가능한 조건은 무엇인가요?,"[작성일: 2026-05-03] | [] | . 또한 정부는 지난해 6·27 대책으로 규제지역에서는 주택담보대출 실행일로부터 6개월 이내에 전입 의무가 부여됐으나 이번 실거주 의무 유예에 따라 ‘대출 실행일로부터 6개월’ 또는 ‘임대차계약 종료 후 1개월’ 중 늦은 시점까지 전입을 미룰 수 있게 했다. 한편 정부는 2월12일 발표한 첫 보완책에서 9일까지 매매계약을 완료하고 계약일로부터 4개월 이내에 양도를 마무리한다는 조건을 뒀으나 토지거래허가 심사에 시일이 걸려 거래가 촉박한 점을 감안해 매매계약이 아닌 토지거래허가 신청으로 기준을 바꾼 추가 보완책을 지난달 내놓았다. 10·15 대책 이후 조정대상지역으로 편입된 서울의 나머지 21개 자치구와 경기 12개 지역에서는 9일까지 토지거래허가를 신청한 뒤 11월9일까지 양도 절차를 마치면 양도세를 중과받지 않는다. 다주택자가 매도하려는 주택에 임차인이 있는 경우에도 무주택자에게 집을 넘기는 경우에 한해 실거주 의무를 완화하는 특례도 적용된다.', '[작성일: 2026-05-03] | [] | 양도세 중과에 이어 장특공제도?…부동산 세제 변곡점 다주택자를 향한 양도소득세 중과세 유예 종료가 일주일여 앞으로 다가온 가운데 부동산 시장에 또다른 변화가 예고된다. 정부는 ‘살지 않는 집’에 주어지던 과도한 세금 감면 혜택을 대폭 축소하고, 실거주자 중심의 세제 개편에 본격적으로 속도를 낼 방침인데 이번엔 주택 양도소득세 장기보유 특별공제(장특공제)를 비롯한 세제에 눈길이 모인다. 3일 재정경제부 등에 따르면 2022년 5월10일부터 이어진 다주택자 양도세 중과 유예 조치가 오는 9일로 마침표를 찍는다. 이에 따라 10일부터 조정대상지역 내 주택을 매도하는 다주택자는 기본세율(6~45%)에 2주택자는 20%포인트, 3주택자 이상은 30%포인트를 더한 중과세율을 적용받게 된다. 또 다른 세제 개편도 주목된다. 대표적인 개편 대상으로는 주택 양도소득세 장기보유 특별공제(장특공제)가 꼽힌다. 소득세법 95조는 3년 이상 보유한 부동산을 팔아 얻은 차익에 과세할 때 보유 기간에 따라 6~30%를 공제하도록 규정하고 있다. 이 법은 1가구 1주택 양도차익의 경우 보유 기간에 따라 차익의 12∼40%와 거주 기간(2년 이상)에 따라 8∼40%를 합산 공제하도록 한다. 이를 두고 일각에선 비거주 주택에 최대 40%를 공제하는 현행 제도가 합리적인지 의문을 제기했고, 장특공제의 혜택이 치우쳤다는 지적도 있었다. 이와 함께 보유세에 관한 정부의 향방에도 시선이 모인다. 이 대통령은 올해 3월 외국 주요 도시와 한국의 주택 보유세를 비교한 기사를 X에 소개하며 ""저도 궁금했다""고 언급했다. 정부 관계자는 부동산 세제 개편과 관련해 ""아직 구체적으로 결정된 것은 없으며 방법이나 시기 등을 살펴보고 있는 단계""라고 전했다. 7월 무렵으로 예상되는 세제 개편과 맞물려 구체적인 정책 방향이 나올 것으로 관측된다.', '[작성일: 2026-04-22] | [] | . 정부는 김 총리 주재로 열린 국무회의에서 소득세법 시행령 및 부동산 거래신고법 시행령 개정안 등을 심의·의결했다. 이에 따라 정부가 예고한 대로 다주택자가 조정대상지역에 보유한 주택에 대한 양도소득세 중과유예는 다음 달 9일 종료된다. 다만 해당 주택을 양도하기 위해 토지거래 허가를 받기까지 시간이 걸린다는 점을 감안, 해당일까지 토지거래 허가를 신청한 경우까지는 중과세율을 적용하지 않도록 했다. 강봉석 기자', '[작성일: 2026-04-30] | [] | 양평군, 2026년 개별주택가격 공시 및 열람 실시…내달 29일까지 이의신청 양평군 개별주택가격이 전년 대비 소폭 상승한 것으로 나타났다. 군은 2026년 1월1일 기준 개별주택가격을 결정·공시하고, 5월29일까지 열람 및 이의신청 기간을 운영한다고 30일 밝혔다. 이번에 공시한 개별주택은 총 3만 2천410호로, 표준주택 및 인근 개별주택과의 가격 균형을 반영해 산정됐으며 전년 대비 1.78% 상승했다. 개별주택가격은 양평군청 세무과와 읍면사무소에서 열람할 수 있으며, 국토교통부 부동산공시가격알리미 누리집에서도 확인할 수 있다. 공시가격에 이의가 있는 개별주택 소유자 및 이해관계인은 5월29일까지 이의 신청서를 작성해 세무과 또는 읍면사무소 민원실에 방문해 제출하거나 우편·팩스로 제출할 수 있으며, 부동산공시가격알리미 누리집을 통해 온라인으로도 신청할 수 있다. 양평군 관계자는 “개별주택가격은 지방세와 국세 등의 과세 기준이 되는 중요한 자료인 만큼, 주택 소유자와 법률상 이해관계인의 적극적인 열람을 당부드린다”고 말했다. 한편 국토교통부에서 공시하는 공동주택가격도 같은 기간 동안 부동산공시가격알리미 누리집과 한국부동산원 성남지사, 세무과 및 읍면사무소 민원실에서 열람 및 이의신청이 가능하다. 개별·공동주택가격에 대한 자세한 사항은 양평군 세무과로 문의하면 안내받을 수 있다.', '[작성일: 2026-04-12] | [] | 공인중개사協 ""가격 담합 행위 근절할 것…자체 조사 돌입"" 한국공인중개사협회가 가격 담합 행위 근절을 위해 전국적인 자체 조사에 나선다. 한국공인중개사협회는 이달 10일부터 “일부 공인중개사의 가격 담합 행위를 근절하기 위해 전국 단위의 대대적인 자체 조사와 자정 활동에 돌입한다”고 12일 밝혔다. 이들은 전국 19개 시·도회 및 256개 시·군·구 지회 조직을 활용해 친목회 모임 등의 가격 담합과 비회원 배척 실태를 전수 조사한다는 방침이다. 이때 불법 카르텔 형성 행위가 확인될 경우 무관용 원칙에 따라 엄중히 대응한다는 계획이다. 다만 협회는 “규제의 잣대는 단순 친목회 모임이나 집단 자체가 아니라, 실질적인 담합과 같은 위법 행위에 정밀하게 조준돼야 한다”면서 “행위 중심의 정교한 접근이 선량한 중개사들의 정당한 영업권 침해를 막는 길”이라고 강조했다. 아울러 협회는 사설망 중심의 폐쇄적 구조를 타파하기 위한 근본적 대책으로 정부 인증 정보망이자 개업 공인중개사의 약 80%가 사용하는 '한방'의 고도화도 추진하기로 했다. 특히 협회는 2024년 자체 개발한 부동산가격정보통계시스템(KARIS)의 업그레이드 버전 출시도 예정돼있다고 소개했다. KARIS는 한방의 실거래 데이터를 데이터베이스(DB)화한 빅데이터 시스템이다. 한편 국무조정실 부동산감독추진단은 9일 정부서울청사에서 11차 부동산 불법행위 대응협의회를 열어 중개사의 담합 행위가 확인되면 업무 정지 및 사무소 등록 취소를 하고, 등록이 취소되면 3년 간 사무소 개설을 금지하기로 했다.","양도세 납부 세액이 2천만원을 초과할 경우, 분납이 가능합니다.
분납 조건은 다음과 같습니다:
납부할 세액이 2천만원을 초과할 경우, 초과 금액에 대해 분납이 가능합니다.
분납 신청은 납부기한 내에 해야 하며, 분납 기간은 최대 2년까지 가능합니다.
분납 신청 시, 일정한 보증을 제공해야 할 수 있습니다.",세액 2천만원 초과 시 전체 세액의 50%를 8월 3일까지 분납할 수 있습니다.
시나리오 2: 복합 정보 요약 및 추론,2025년 1월 수원시 영통구에서 매매 거래된 아파트 단지 3곳은 어디인가요?,"[작성일: 2025-01-22] | [수원시 영통구] | 아파트 매매 거래입니다. 거래일자는 2025년 1월 22일입니다. 영통동 (지번: 987-1)에 위치한 '영통e-편한세상' 아파트 5층 매물이 거래금액 5억 500만원에 중개거래되었으나, 25.04.21부로 해제되었습니다. 이 단지는 2007년에 준공되었으며, 전용면적은 84.98㎡ (약 25.7평)입니다. 중개사 소재지는 경기 수원시 영통구입니다."", ""[작성일: 2025-01-22] | [수원시 영통구] | 아파트 매매 거래입니다. 거래일자는 2025년 1월 22일입니다. 영통동 (지번: 987-1)에 위치한 '영통e-편한세상' 아파트 104동 5층 매물이 거래금액 5억 500만원에 중개거래되었습니다. 이 단지는 2007년에 준공되었으며, 전용면적은 84.98㎡ (약 25.7평)입니다. 중개사 소재지는 경기 수원시 영통구입니다."", ""[작성일: 2025-01-18] | [수원시 영통구] | 아파트 매매 거래입니다. 거래일자는 2025년 1월 18일입니다. 영통동 (지번: 1154)에 위치한 '영통라온프라이빗' 아파트 101동동 18층 매물이 거래금액 6억 4300만원에 중개거래되었습니다. 이 단지는 2017년에 준공되었으며, 전용면적은 59.8334㎡ (약 18.1평)입니다. 중개사 소재지는 경기 수원시 영통구입니다."", ""[작성일: 2025-01-22] | [수원시 영통구] | 아파트 매매 거래입니다. 거래일자는 2025년 1월 22일입니다. 영통동 (지번: 987-1)에 위치한 '영통e-편한세상' 아파트 101동 13층 매물이 거래금액 5억 5000만원에 중개거래되었습니다. 이 단지는 2007년에 준공되었으며, 전용면적은 84.98㎡ (약 25.7평)입니다. 중개사 소재지는 경기 수원시 영통구입니다."", ""[작성일: 2025-01-31] | [수원시 영통구] | 아파트 매매 거래입니다. 거래일자는 2025년 1월 31일입니다. 영통동 (지번: 957-6)에 위치한 '영통에듀파크(331동~337동)' 아파트 336동 20층 매물이 거래금액 6억 4000만원에 중개거래되었습니다. 이 단지는 1997년에 준공되었으며, 전용면적은 73.79㎡ (약 22.3평)입니다. 중개사 소재지는 경기 수원시 영통구입니다.","영통e-편한세상 (영통동)
거래일자: 2025년 01월 22일
거래금액: 5억 500만원
전용면적: 84.98㎡ (약 25.7평)
층수: 5층
준공연도: 2007년
영통라온프라이빗 (영통동)
거래일자: 2025년 01월 18일
거래금액: 6억 4300만원
전용면적: 59.8334㎡ (약 18.1평)
층수: 18층
준공연도: 2017년
영통에듀파크(331동~337동) (영통동)
거래일자: 2025년 01월 31일
거래금액: 6억 4000만원
전용면적: 73.79㎡ (약 22.3평)
층수: 20층
준공연도: 1997년","영통e-편한세상', '영통라온프라이빗', '영통에듀파크'입니다."
시나리오 2: 복합 정보 요약 및 추론,광주시 토지 거래 중 직거래 방식으로 이루어진 2건의 용도지역은 각각 무엇인가요?,"[작성일: 2026-05-04] | [광주시] | 토지 매매 거래입니다. 거래일자는 2026년 05월 04일입니다. 광주시 초월읍 도평리 1번지에 위치한 지목 '임야', 용도지역 '보전관리지역' 토지 매물이 317만원에 직거래되었습니다. 면적은 34.5㎡ (약 10.4평)입니다."", ""[작성일: 2026-04-28] | [광주시] | 토지 매매 거래입니다. 거래일자는 2026년 04월 28일입니다. 광주시 역동 1번지에 위치한 지목 '도로', 용도지역 '제1종일반주거지역' 토지 매물이 2371만원에 직거래되었습니다. 면적은 21.5㎡ (약 6.5평)입니다."", ""[작성일: 2026-04-30] | [광주시] | 토지 매매 거래입니다. 거래일자는 2026년 04월 30일입니다. 광주시 능평동 5번지에 위치한 지목 '전', 용도지역 '계획관리지역' 토지 매물이 283만원에 직거래되었습니다. 면적은 6.0㎡ (약 1.8평)입니다."", ""[작성일: 2026-04-29] | [광주시] | 토지 매매 거래입니다. 거래일자는 2026년 04월 29일입니다. 광주시 신현동 6번지에 위치한 지목 '공장용지', 용도지역 '계획관리지역' 토지 매물이 20억 1000만원에 직거래되었습니다. 면적은 1240.0㎡ (약 375.1평)입니다."", ""[작성일: 2026-04-28] | [광주시] | 토지 매매 거래입니다. 거래일자는 2026년 04월 28일입니다. 광주시 역동 1**번지에 위치한 지목 '대', 용도지역 '제1종일반주거지역' 토지 매물이 629만원에 직거래되었습니다. 면적은 2.5㎡ (약 0.8평)입니다.","보전관리지역
제1종일반주거지역","초월읍 용수리는 '보전관리지역', 남한산성면 불당리는 '제1종일반주거지역'입니다."
시나리오 2: 복합 정보 요약 및 추론,수원시 세류동과 오목천동 단독주택 매물의 연면적 크기를 비교해주세요.,"[작성일: 2026-04-25] | [수원시] | 단독주택 월세 거래입니다. 거래일자는 2026년 04월 25일 입니다. 세류동에 위치한 단독주택 매물이 보증금 500만원, 월세 65만원에 신규거래 되었습니다. 건축년도는 2011년이며, 연면적은 49.58㎡ (약 15.0평)입니다. 갱신요구권은 미사용 상태입니다. 계약기간은 2026년 05월부터 2028년 04월까지입니다.', '[작성일: 2026-04-30] | [수원시] | 단독주택 매매 거래입니다. 거래일자는 2026년 04월 30일 입니다. 세류동 (지번: 1***)에 위치한 단독주택 매물이 5억 3000만원에 중개거래되었습니다. 연면적 442.22㎡ (약 133.8평), 대지면적 154.0㎡ (약 46.6평)입니다. 건축년도는 2012년입니다. 매도자 구분은 개인, 매수자 구분은 개인입니다. 중개사소재지는 경기 수원시 권선구, 경기 수원시 팔달구입니다.', '[작성일: 2026-04-24] | [수원시] | 단독주택 월세 거래입니다. 거래일자는 2026년 04월 24일 입니다. 오목천동에 위치한 단독주택 매물이 보증금 1억원, 월세 65만원에 신규거래 되었습니다. 건축년도는 2016년이며, 연면적은 122.82㎡ (약 37.2평)입니다. 갱신요구권은 미사용 상태입니다. 계약기간은 2026년 05월부터 2028년 05월까지입니다.', '[작성일: 2026-04-24] | [수원시] | 단독주택 월세 거래입니다. 거래일자는 2026년 04월 24일 입니다. 조원동에 위치한 단독주택 매물이 보증금 200만원, 월세 31만원에 신규거래 되었습니다. 건축년도는 2002년이며, 연면적은 18.0㎡ (약 5.4평)입니다. 갱신요구권은 미사용 상태입니다. 계약기간은 2026년 04월부터 2027년 04월까지입니다.', '[작성일: 2026-05-04] | [수원시] | 단독주택 월세 거래입니다. 거래일자는 2026년 05월 04일 입니다. 권선동에 위치한 단독주택 매물이 보증금 300만원, 월세 38만원에 신규거래 되었습니다. 건축년도는 2010년이며, 연면적은 15.0㎡ (약 4.5평)입니다. 갱신요구권은 미사용 상태입니다. 계약기간은 2026년 05월부터 2027년 05월까지입니다.'","단독주택 (세류동)
거래일자: 2026년 04월 30일
연면적: 442.22㎡ (약 133.8평)
단독주택 (오목천동)
거래일자: 2026년 04월 24일
연면적: 122.82㎡ (약 37.2평)",세류동(442.22㎡)이 오목천동(122.82㎡)보다 연면적이 더 큽니다.
시나리오 2: 복합 정보 요약 및 추론,2026년 4월 24일에 각각 계약된 상동 대우마이빌 오피스텔과 디아뜨갤러리3 A동의 계약기간 종료 시점은 언제입니까?,"[작성일: 2026-04-24] | [부천시] | 오피스텔 월세 거래입니다. 거래일자는 2026년 04월 24일입니다. 상동 (지번: 442-1)에 위치한 '상동 대우마이빌' 오피스텔 8층 매물이 보증금 500만원, 월세 50만원으로 계약되었습니다. 전용면적은 30.32㎡ (약 9.2평)이며, 건축년도는 2003년입니다. 계약기간은 2026년 04월부터 2027년 04월까지입니다. 갱신요구권은 미사용입니다."", ""[작성일: 2026-04-24] | [부천시] | 오피스텔 월세 거래입니다. 거래일자는 2026년 04월 24일입니다. 중동 (지번: 1144-3)에 위치한 '디아뜨갤러리3 A동' 오피스텔 11층 매물이 보증금 400만원, 월세 36만원으로 계약되었습니다. 전용면적은 17.41㎡ (약 5.3평)이며, 건축년도는 2004년입니다. 계약기간은 2026년 04월부터 2027년 04월까지입니다. 갱신요구권은 미사용입니다."", ""[작성일: 2026-04-24] | [부천시] | 오피스텔 월세 거래입니다. 거래일자는 2026년 04월 24일입니다. 심곡본동 (지번: 776-2)에 위치한 '월드메르디앙 소사역' 오피스텔 8층 매물이 보증금 5000만원, 월세 135만원으로 계약되었습니다. 전용면적은 80.45㎡ (약 24.3평)이며, 건축년도는 2023년입니다. 계약기간은 2026년 05월부터 2028년 05월까지입니다. 갱신요구권은 미사용입니다."", ""[작성일: 2026-04-24] | [부천시] | 오피스텔 월세 거래입니다. 거래일자는 2026년 04월 24일입니다. 중동 (지번: 1149)에 위치한 '부천중동리슈빌엔클래스' 오피스텔 11층 매물이 보증금 3억원, 월세 10만원으로 계약되었습니다. 전용면적은 94.2㎡ (약 28.5평)이며, 건축년도는 2006년입니다. 계약기간은 2026년 06월부터 2028년 06월까지입니다. 갱신요구권은 미사용입니다."", ""[작성일: 2026-04-24] | [부천시] | 아파트 월세 거래입니다. 거래일자는 2026년 04월 24일입니다. 상동 (지번: 526-1)에 위치한 '진달래마을(대우)' 아파트 10층 매물이 보증금 1억원, 월세는 230만원으로 계약되었습니다. 전용면적은 99.5954㎡ (약 30.1평)이며, 2002년에 준공된 단지입니다. 계약 기간은 2026년 07월부터 2028년 07월까지입니다.","상동 대우마이빌 (상동)
거래일자: 2026년 04월 24일
계약기간 종료 시점: 2027년 04월
디아뜨갤러리3 A동 (중동)
거래일자: 2026년 04월 24일
계약기간 종료 시점: 2027년 04월",두 곳 모두 2027년 04월까지로 동일합니다.
시나리오 2: 복합 정보 요약 및 추론,"다주택자가 조정대상지역에서 주택 매도 시, 유예가 종료되는 10일부터 2주택자와 3주택 이상 소유자에게 가산되는 양도세 세율은 각각 몇 포인트입니까?","[작성일: 2026-05-03] | [] | . 또한 정부는 지난해 6·27 대책으로 규제지역에서는 주택담보대출 실행일로부터 6개월 이내에 전입 의무가 부여됐으나 이번 실거주 의무 유예에 따라 ‘대출 실행일로부터 6개월’ 또는 ‘임대차계약 종료 후 1개월’ 중 늦은 시점까지 전입을 미룰 수 있게 했다. 한편 정부는 2월12일 발표한 첫 보완책에서 9일까지 매매계약을 완료하고 계약일로부터 4개월 이내에 양도를 마무리한다는 조건을 뒀으나 토지거래허가 심사에 시일이 걸려 거래가 촉박한 점을 감안해 매매계약이 아닌 토지거래허가 신청으로 기준을 바꾼 추가 보완책을 지난달 내놓았다. 10·15 대책 이후 조정대상지역으로 편입된 서울의 나머지 21개 자치구와 경기 12개 지역에서는 9일까지 토지거래허가를 신청한 뒤 11월9일까지 양도 절차를 마치면 양도세를 중과받지 않는다. 다주택자가 매도하려는 주택에 임차인이 있는 경우에도 무주택자에게 집을 넘기는 경우에 한해 실거주 의무를 완화하는 특례도 적용된다.', '[작성일: 2026-05-03] | [] | 양도세 중과에 이어 장특공제도?…부동산 세제 변곡점 다주택자를 향한 양도소득세 중과세 유예 종료가 일주일여 앞으로 다가온 가운데 부동산 시장에 또다른 변화가 예고된다. 정부는 ‘살지 않는 집’에 주어지던 과도한 세금 감면 혜택을 대폭 축소하고, 실거주자 중심의 세제 개편에 본격적으로 속도를 낼 방침인데 이번엔 주택 양도소득세 장기보유 특별공제(장특공제)를 비롯한 세제에 눈길이 모인다. 3일 재정경제부 등에 따르면 2022년 5월10일부터 이어진 다주택자 양도세 중과 유예 조치가 오는 9일로 마침표를 찍는다. 이에 따라 10일부터 조정대상지역 내 주택을 매도하는 다주택자는 기본세율(6~45%)에 2주택자는 20%포인트, 3주택자 이상은 30%포인트를 더한 중과세율을 적용받게 된다. 또 다른 세제 개편도 주목된다. 대표적인 개편 대상으로는 주택 양도소득세 장기보유 특별공제(장특공제)가 꼽힌다. 소득세법 95조는 3년 이상 보유한 부동산을 팔아 얻은 차익에 과세할 때 보유 기간에 따라 6~30%를 공제하도록 규정하고 있다. 이 법은 1가구 1주택 양도차익의 경우 보유 기간에 따라 차익의 12∼40%와 거주 기간(2년 이상)에 따라 8∼40%를 합산 공제하도록 한다. 이를 두고 일각에선 비거주 주택에 최대 40%를 공제하는 현행 제도가 합리적인지 의문을 제기했고, 장특공제의 혜택이 치우쳤다는 지적도 있었다. 이와 함께 보유세에 관한 정부의 향방에도 시선이 모인다. 이 대통령은 올해 3월 외국 주요 도시와 한국의 주택 보유세를 비교한 기사를 X에 소개하며 ""저도 궁금했다""고 언급했다. 정부 관계자는 부동산 세제 개편과 관련해 ""아직 구체적으로 결정된 것은 없으며 방법이나 시기 등을 살펴보고 있는 단계""라고 전했다. 7월 무렵으로 예상되는 세제 개편과 맞물려 구체적인 정책 방향이 나올 것으로 관측된다.', '[작성일: 2026-04-25] | [] | 단독주택 월세 거래입니다. 거래일자는 2026년 04월 25일 입니다. 법원읍 법원리에 위치한 단독주택 매물이 보증금 2675만원, 월세 30만원에 신규거래 되었습니다. 건축년도는 1993년이며, 연면적은 57.5㎡ (약 17.4평)입니다. 갱신요구권은 미사용 상태입니다. 계약기간은 2026년 05월부터 2028년 04월까지입니다.', ""[작성일: 2026-05-02] | [] | 아파트 월세 거래입니다. 거래일자는 2026년 05월 02일입니다. 가재동 (지번: 가-)에 위치한 '지제역반도체밸리풍경채어바니티' 아파트 22층 매물이 보증금 3500만원, 월세는 100만원으로 계약되었습니다. 전용면적은 84.9484㎡ (약 25.7평)이며, 2026년에 준공된 단지입니다. 계약 기간은 2026년 05월부터 2028년 05월까지입니다."", ""[작성일: 2026-05-03] | [] | 아파트 월세 거래입니다. 거래일자는 2026년 05월 03일입니다. 가재동 (지번: 가-)에 위치한 '지제역반도체밸리풍경채어바니티' 아파트 18층 매물이 보증금 2000만원, 월세는 120만원으로 계약되었습니다. 전용면적은 84.9556㎡ (약 25.7평)이며, 2026년에 준공된 단지입니다. 계약 기간은 2026년 05월부터 2027년 05월까지입니다.","2주택자: 기본세율에 20%포인트 가산
3주택 이상 소유자: 기본세율에 30%포인트 가산","2주택자는 20%포인트, 3주택 이상 소유자는 30%포인트가 가산됩니다."
시나리오 4: 모순되거나 업데이트된 정보 탐색,다주택자가 양도세 중과 유예를 받기 위해서는 반드시 5월 9일까지 등기 절차를 완전히 마쳐야만 가능합니까?,"[작성일: 2026-05-03] | [] | . 또한 정부는 지난해 6·27 대책으로 규제지역에서는 주택담보대출 실행일로부터 6개월 이내에 전입 의무가 부여됐으나 이번 실거주 의무 유예에 따라 ‘대출 실행일로부터 6개월’ 또는 ‘임대차계약 종료 후 1개월’ 중 늦은 시점까지 전입을 미룰 수 있게 했다. 한편 정부는 2월12일 발표한 첫 보완책에서 9일까지 매매계약을 완료하고 계약일로부터 4개월 이내에 양도를 마무리한다는 조건을 뒀으나 토지거래허가 심사에 시일이 걸려 거래가 촉박한 점을 감안해 매매계약이 아닌 토지거래허가 신청으로 기준을 바꾼 추가 보완책을 지난달 내놓았다. 10·15 대책 이후 조정대상지역으로 편입된 서울의 나머지 21개 자치구와 경기 12개 지역에서는 9일까지 토지거래허가를 신청한 뒤 11월9일까지 양도 절차를 마치면 양도세를 중과받지 않는다. 다주택자가 매도하려는 주택에 임차인이 있는 경우에도 무주택자에게 집을 넘기는 경우에 한해 실거주 의무를 완화하는 특례도 적용된다.', '[작성일: 2026-05-03] | [] | 양도세 중과에 이어 장특공제도?…부동산 세제 변곡점 다주택자를 향한 양도소득세 중과세 유예 종료가 일주일여 앞으로 다가온 가운데 부동산 시장에 또다른 변화가 예고된다. 정부는 ‘살지 않는 집’에 주어지던 과도한 세금 감면 혜택을 대폭 축소하고, 실거주자 중심의 세제 개편에 본격적으로 속도를 낼 방침인데 이번엔 주택 양도소득세 장기보유 특별공제(장특공제)를 비롯한 세제에 눈길이 모인다. 3일 재정경제부 등에 따르면 2022년 5월10일부터 이어진 다주택자 양도세 중과 유예 조치가 오는 9일로 마침표를 찍는다. 이에 따라 10일부터 조정대상지역 내 주택을 매도하는 다주택자는 기본세율(6~45%)에 2주택자는 20%포인트, 3주택자 이상은 30%포인트를 더한 중과세율을 적용받게 된다. 또 다른 세제 개편도 주목된다. 대표적인 개편 대상으로는 주택 양도소득세 장기보유 특별공제(장특공제)가 꼽힌다. 소득세법 95조는 3년 이상 보유한 부동산을 팔아 얻은 차익에 과세할 때 보유 기간에 따라 6~30%를 공제하도록 규정하고 있다. 이 법은 1가구 1주택 양도차익의 경우 보유 기간에 따라 차익의 12∼40%와 거주 기간(2년 이상)에 따라 8∼40%를 합산 공제하도록 한다. 이를 두고 일각에선 비거주 주택에 최대 40%를 공제하는 현행 제도가 합리적인지 의문을 제기했고, 장특공제의 혜택이 치우쳤다는 지적도 있었다. 이와 함께 보유세에 관한 정부의 향방에도 시선이 모인다. 이 대통령은 올해 3월 외국 주요 도시와 한국의 주택 보유세를 비교한 기사를 X에 소개하며 ""저도 궁금했다""고 언급했다. 정부 관계자는 부동산 세제 개편과 관련해 ""아직 구체적으로 결정된 것은 없으며 방법이나 시기 등을 살펴보고 있는 단계""라고 전했다. 7월 무렵으로 예상되는 세제 개편과 맞물려 구체적인 정책 방향이 나올 것으로 관측된다.', '[작성일: 2026-04-22] | [] | . 정부는 김 총리 주재로 열린 국무회의에서 소득세법 시행령 및 부동산 거래신고법 시행령 개정안 등을 심의·의결했다. 이에 따라 정부가 예고한 대로 다주택자가 조정대상지역에 보유한 주택에 대한 양도소득세 중과유예는 다음 달 9일 종료된다. 다만 해당 주택을 양도하기 위해 토지거래 허가를 받기까지 시간이 걸린다는 점을 감안, 해당일까지 토지거래 허가를 신청한 경우까지는 중과세율을 적용하지 않도록 했다. 강봉석 기자', '[작성일: 2026-04-30] | [] | 양평군, 2026년 개별주택가격 공시 및 열람 실시…내달 29일까지 이의신청 양평군 개별주택가격이 전년 대비 소폭 상승한 것으로 나타났다. 군은 2026년 1월1일 기준 개별주택가격을 결정·공시하고, 5월29일까지 열람 및 이의신청 기간을 운영한다고 30일 밝혔다. 이번에 공시한 개별주택은 총 3만 2천410호로, 표준주택 및 인근 개별주택과의 가격 균형을 반영해 산정됐으며 전년 대비 1.78% 상승했다. 개별주택가격은 양평군청 세무과와 읍면사무소에서 열람할 수 있으며, 국토교통부 부동산공시가격알리미 누리집에서도 확인할 수 있다. 공시가격에 이의가 있는 개별주택 소유자 및 이해관계인은 5월29일까지 이의 신청서를 작성해 세무과 또는 읍면사무소 민원실에 방문해 제출하거나 우편·팩스로 제출할 수 있으며, 부동산공시가격알리미 누리집을 통해 온라인으로도 신청할 수 있다. 양평군 관계자는 “개별주택가격은 지방세와 국세 등의 과세 기준이 되는 중요한 자료인 만큼, 주택 소유자와 법률상 이해관계인의 적극적인 열람을 당부드린다”고 말했다. 한편 국토교통부에서 공시하는 공동주택가격도 같은 기간 동안 부동산공시가격알리미 누리집과 한국부동산원 성남지사, 세무과 및 읍면사무소 민원실에서 열람 및 이의신청이 가능하다. 개별·공동주택가격에 대한 자세한 사항은 양평군 세무과로 문의하면 안내받을 수 있다.', '[작성일: 2026-04-12] | [] | 공인중개사協 ""가격 담합 행위 근절할 것…자체 조사 돌입"" 한국공인중개사협회가 가격 담합 행위 근절을 위해 전국적인 자체 조사에 나선다. 한국공인중개사협회는 이달 10일부터 “일부 공인중개사의 가격 담합 행위를 근절하기 위해 전국 단위의 대대적인 자체 조사와 자정 활동에 돌입한다”고 12일 밝혔다. 이들은 전국 19개 시·도회 및 256개 시·군·구 지회 조직을 활용해 친목회 모임 등의 가격 담합과 비회원 배척 실태를 전수 조사한다는 방침이다. 이때 불법 카르텔 형성 행위가 확인될 경우 무관용 원칙에 따라 엄중히 대응한다는 계획이다. 다만 협회는 “규제의 잣대는 단순 친목회 모임이나 집단 자체가 아니라, 실질적인 담합과 같은 위법 행위에 정밀하게 조준돼야 한다”면서 “행위 중심의 정교한 접근이 선량한 중개사들의 정당한 영업권 침해를 막는 길”이라고 강조했다. 아울러 협회는 사설망 중심의 폐쇄적 구조를 타파하기 위한 근본적 대책으로 정부 인증 정보망이자 개업 공인중개사의 약 80%가 사용하는 '한방'의 고도화도 추진하기로 했다. 특히 협회는 2024년 자체 개발한 부동산가격정보통계시스템(KARIS)의 업그레이드 버전 출시도 예정돼있다고 소개했다. KARIS는 한방의 실거래 데이터를 데이터베이스(DB)화한 빅데이터 시스템이다. 한편 국무조정실 부동산감독추진단은 9일 정부서울청사에서 11차 부동산 불법행위 대응협의회를 열어 중개사의 담합 행위가 확인되면 업무 정지 및 사무소 등록 취소를 하고, 등록이 취소되면 3년 간 사무소 개설을 금지하기로 했다.","다주택자가 양도세 중과 유예를 받기 위해서는 5월 9일까지 등기 절차를 완전히 마쳐야 하는 것은 아닙니다.
5월 9일까지 매매계약을 완료하고, 계약일로부터 4개월 이내에 양도를 마무리해야 합니다.
다만, 토지거래허가 심사에 시간이 걸릴 수 있으므로, 5월 9일까지 토지거래허가를 신청한 경우에는 중과세율을 적용하지 않습니다.",아닙니다. 원칙은 등기 완료이나 보완책이 마련되어 9일까지 토지거래허가 신청만 완료해도 양도 절차 완료 기한을 유예받을 수 있습니다.
시나리오 4: 모순되거나 업데이트된 정보 탐색,"규제지역에서 주택을 매수할 때 대출을 실행했다면, 어떠한 예외도 없이 무조건 6개월 이내에 전입을 마쳐야 합니까?","[작성일: 2026-05-03] | [] | 양도세 중과에 이어 장특공제도?…부동산 세제 변곡점 다주택자를 향한 양도소득세 중과세 유예 종료가 일주일여 앞으로 다가온 가운데 부동산 시장에 또다른 변화가 예고된다. 정부는 ‘살지 않는 집’에 주어지던 과도한 세금 감면 혜택을 대폭 축소하고, 실거주자 중심의 세제 개편에 본격적으로 속도를 낼 방침인데 이번엔 주택 양도소득세 장기보유 특별공제(장특공제)를 비롯한 세제에 눈길이 모인다. 3일 재정경제부 등에 따르면 2022년 5월10일부터 이어진 다주택자 양도세 중과 유예 조치가 오는 9일로 마침표를 찍는다. 이에 따라 10일부터 조정대상지역 내 주택을 매도하는 다주택자는 기본세율(6~45%)에 2주택자는 20%포인트, 3주택자 이상은 30%포인트를 더한 중과세율을 적용받게 된다. 또 다른 세제 개편도 주목된다. 대표적인 개편 대상으로는 주택 양도소득세 장기보유 특별공제(장특공제)가 꼽힌다. 소득세법 95조는 3년 이상 보유한 부동산을 팔아 얻은 차익에 과세할 때 보유 기간에 따라 6~30%를 공제하도록 규정하고 있다. 이 법은 1가구 1주택 양도차익의 경우 보유 기간에 따라 차익의 12∼40%와 거주 기간(2년 이상)에 따라 8∼40%를 합산 공제하도록 한다. 이를 두고 일각에선 비거주 주택에 최대 40%를 공제하는 현행 제도가 합리적인지 의문을 제기했고, 장특공제의 혜택이 치우쳤다는 지적도 있었다. 이와 함께 보유세에 관한 정부의 향방에도 시선이 모인다. 이 대통령은 올해 3월 외국 주요 도시와 한국의 주택 보유세를 비교한 기사를 X에 소개하며 ""저도 궁금했다""고 언급했다. 정부 관계자는 부동산 세제 개편과 관련해 ""아직 구체적으로 결정된 것은 없으며 방법이나 시기 등을 살펴보고 있는 단계""라고 전했다. 7월 무렵으로 예상되는 세제 개편과 맞물려 구체적인 정책 방향이 나올 것으로 관측된다.', '[작성일: 2026-04-22] | [] | . 정부는 김 총리 주재로 열린 국무회의에서 소득세법 시행령 및 부동산 거래신고법 시행령 개정안 등을 심의·의결했다. 이에 따라 정부가 예고한 대로 다주택자가 조정대상지역에 보유한 주택에 대한 양도소득세 중과유예는 다음 달 9일 종료된다. 다만 해당 주택을 양도하기 위해 토지거래 허가를 받기까지 시간이 걸린다는 점을 감안, 해당일까지 토지거래 허가를 신청한 경우까지는 중과세율을 적용하지 않도록 했다. 강봉석 기자', '[작성일: 2026-04-29] | [] | 2026년 공동주택 공시가격 확정… 경기 6.37%↑·인천 0.10%↓ 올해 공동주택 공시가격이 경기 지역은 6.37% 상승하고 인천은 0.10% 하락한 것으로 확정됐다. 국토교통부는 2026년 1월 1일 기준 전국 공동주택 약 1천585만가구의 공시가격을 이달 30일 결정·공시한다고 29일 밝혔다. 지역별로 살펴보면 경기지역 공시가격 변동률은 6.37%로 지난 3월 발표된 열람안(6.38%) 대비 0.01%포인트 소폭 하락해 확정됐다. 인천의 경우 변동률이 -0.10%로 열람안과 동일하게 하락세를 기록했다. 특히 도는 공시가격안 열람 기간 동안 서울(1만166건)에 이어 두 번째로 많은 3천277건의 소유자 의견이 접수돼 지역 내 높은 관심을 대변했다. 전국 공동주택 공시가격 평균 변동률은 9.13%로 집계됐다. 이는 열람안(9.16%) 대비 0.03%포인트 하락한 수치다. 정부는 소유자의 부담을 완화하기 위해 올해 현실화율을 전년과 동일한 69%로 유지해 무리한 인상 없이 부동산 시세 변동분만을 공시가격에 반영했다. 전국적으로 서울(18.60%), 세종(6.28%) 등이 높은 상승률을 보인 반면, 제주(-1.81%), 광주(-1.27%) 등은 하락세를 보였다. 국토부는 앞서 진행된 의견 청취를 통해 총 1만4천561건의 의견을 접수했으며 이 중 타당성이 인정된 1천903건의 공시가격을 최종 조정(반영률 13.1%)했다. 접수된 의견 중 하향 요구가 1만1천606건으로 대다수를 차지했다. 확정된 공시가격은 30일부터 ‘부동산 공시가격 알리미’ 누리집이나 관할 시·군·구청 민원실에서 열람할 수 있다. 이의가 있는 경우 5월 29일까지 우편, 팩스, 방문 및 온라인을 통해 이의신청서를 제출하면 된다. 접수된 이의신청은 재조사를 거쳐 6월 26일까지 처리 결과가 개별 회신될 예정이다.', '[작성일: 2026-04-30] | [] | 양평군, 2026년 개별주택가격 공시 및 열람 실시…내달 29일까지 이의신청 양평군 개별주택가격이 전년 대비 소폭 상승한 것으로 나타났다. 군은 2026년 1월1일 기준 개별주택가격을 결정·공시하고, 5월29일까지 열람 및 이의신청 기간을 운영한다고 30일 밝혔다. 이번에 공시한 개별주택은 총 3만 2천410호로, 표준주택 및 인근 개별주택과의 가격 균형을 반영해 산정됐으며 전년 대비 1.78% 상승했다. 개별주택가격은 양평군청 세무과와 읍면사무소에서 열람할 수 있으며, 국토교통부 부동산공시가격알리미 누리집에서도 확인할 수 있다. 공시가격에 이의가 있는 개별주택 소유자 및 이해관계인은 5월29일까지 이의 신청서를 작성해 세무과 또는 읍면사무소 민원실에 방문해 제출하거나 우편·팩스로 제출할 수 있으며, 부동산공시가격알리미 누리집을 통해 온라인으로도 신청할 수 있다. 양평군 관계자는 “개별주택가격은 지방세와 국세 등의 과세 기준이 되는 중요한 자료인 만큼, 주택 소유자와 법률상 이해관계인의 적극적인 열람을 당부드린다”고 말했다. 한편 국토교통부에서 공시하는 공동주택가격도 같은 기간 동안 부동산공시가격알리미 누리집과 한국부동산원 성남지사, 세무과 및 읍면사무소 민원실에서 열람 및 이의신청이 가능하다. 개별·공동주택가격에 대한 자세한 사항은 양평군 세무과로 문의하면 안내받을 수 있다.', '[작성일: 2026-05-03] | [] | . 또한 정부는 지난해 6·27 대책으로 규제지역에서는 주택담보대출 실행일로부터 6개월 이내에 전입 의무가 부여됐으나 이번 실거주 의무 유예에 따라 ‘대출 실행일로부터 6개월’ 또는 ‘임대차계약 종료 후 1개월’ 중 늦은 시점까지 전입을 미룰 수 있게 했다. 한편 정부는 2월12일 발표한 첫 보완책에서 9일까지 매매계약을 완료하고 계약일로부터 4개월 이내에 양도를 마무리한다는 조건을 뒀으나 토지거래허가 심사에 시일이 걸려 거래가 촉박한 점을 감안해 매매계약이 아닌 토지거래허가 신청으로 기준을 바꾼 추가 보완책을 지난달 내놓았다. 10·15 대책 이후 조정대상지역으로 편입된 서울의 나머지 21개 자치구와 경기 12개 지역에서는 9일까지 토지거래허가를 신청한 뒤 11월9일까지 양도 절차를 마치면 양도세를 중과받지 않는다. 다주택자가 매도하려는 주택에 임차인이 있는 경우에도 무주택자에게 집을 넘기는 경우에 한해 실거주 의무를 완화하는 특례도 적용된다.","규제지역에서 주택담보대출을 실행한 경우, 원칙적으로 6개월 이내에 전입해야 합니다.
그러나, 실거주 의무 유예에 따라 '대출 실행일로부터 6개월' 또는 '임대차계약 종료 후 1개월' 중 늦은 시점까지 전입을 미룰 수 있습니다.",아닙니다. 실거주 의무 유예 특례가 적용되어 '대출 실행일로부터 6개월' 또는 임차인이 있는 경우 '임대차계약 종료 후 1개월' 중 늦은 시점까지 전입을 미룰 수 있습니다.
시나리오 4: 모순되거나 업데이트된 정보 탐색,정부의 다주택자 양도세 보완책에서 '9일까지 매매계약 완료 후 4개월 이내 양도'라는 첫 기준은 현재도 변함없이 적용되고 있습니까?,"[작성일: 2026-05-03] | [] | . 또한 정부는 지난해 6·27 대책으로 규제지역에서는 주택담보대출 실행일로부터 6개월 이내에 전입 의무가 부여됐으나 이번 실거주 의무 유예에 따라 ‘대출 실행일로부터 6개월’ 또는 ‘임대차계약 종료 후 1개월’ 중 늦은 시점까지 전입을 미룰 수 있게 했다. 한편 정부는 2월12일 발표한 첫 보완책에서 9일까지 매매계약을 완료하고 계약일로부터 4개월 이내에 양도를 마무리한다는 조건을 뒀으나 토지거래허가 심사에 시일이 걸려 거래가 촉박한 점을 감안해 매매계약이 아닌 토지거래허가 신청으로 기준을 바꾼 추가 보완책을 지난달 내놓았다. 10·15 대책 이후 조정대상지역으로 편입된 서울의 나머지 21개 자치구와 경기 12개 지역에서는 9일까지 토지거래허가를 신청한 뒤 11월9일까지 양도 절차를 마치면 양도세를 중과받지 않는다. 다주택자가 매도하려는 주택에 임차인이 있는 경우에도 무주택자에게 집을 넘기는 경우에 한해 실거주 의무를 완화하는 특례도 적용된다.', '[작성일: 2026-05-03] | [] | 양도세 중과에 이어 장특공제도?…부동산 세제 변곡점 다주택자를 향한 양도소득세 중과세 유예 종료가 일주일여 앞으로 다가온 가운데 부동산 시장에 또다른 변화가 예고된다. 정부는 ‘살지 않는 집’에 주어지던 과도한 세금 감면 혜택을 대폭 축소하고, 실거주자 중심의 세제 개편에 본격적으로 속도를 낼 방침인데 이번엔 주택 양도소득세 장기보유 특별공제(장특공제)를 비롯한 세제에 눈길이 모인다. 3일 재정경제부 등에 따르면 2022년 5월10일부터 이어진 다주택자 양도세 중과 유예 조치가 오는 9일로 마침표를 찍는다. 이에 따라 10일부터 조정대상지역 내 주택을 매도하는 다주택자는 기본세율(6~45%)에 2주택자는 20%포인트, 3주택자 이상은 30%포인트를 더한 중과세율을 적용받게 된다. 또 다른 세제 개편도 주목된다. 대표적인 개편 대상으로는 주택 양도소득세 장기보유 특별공제(장특공제)가 꼽힌다. 소득세법 95조는 3년 이상 보유한 부동산을 팔아 얻은 차익에 과세할 때 보유 기간에 따라 6~30%를 공제하도록 규정하고 있다. 이 법은 1가구 1주택 양도차익의 경우 보유 기간에 따라 차익의 12∼40%와 거주 기간(2년 이상)에 따라 8∼40%를 합산 공제하도록 한다. 이를 두고 일각에선 비거주 주택에 최대 40%를 공제하는 현행 제도가 합리적인지 의문을 제기했고, 장특공제의 혜택이 치우쳤다는 지적도 있었다. 이와 함께 보유세에 관한 정부의 향방에도 시선이 모인다. 이 대통령은 올해 3월 외국 주요 도시와 한국의 주택 보유세를 비교한 기사를 X에 소개하며 ""저도 궁금했다""고 언급했다. 정부 관계자는 부동산 세제 개편과 관련해 ""아직 구체적으로 결정된 것은 없으며 방법이나 시기 등을 살펴보고 있는 단계""라고 전했다. 7월 무렵으로 예상되는 세제 개편과 맞물려 구체적인 정책 방향이 나올 것으로 관측된다.', '[작성일: 2026-04-22] | [] | . 정부는 김 총리 주재로 열린 국무회의에서 소득세법 시행령 및 부동산 거래신고법 시행령 개정안 등을 심의·의결했다. 이에 따라 정부가 예고한 대로 다주택자가 조정대상지역에 보유한 주택에 대한 양도소득세 중과유예는 다음 달 9일 종료된다. 다만 해당 주택을 양도하기 위해 토지거래 허가를 받기까지 시간이 걸린다는 점을 감안, 해당일까지 토지거래 허가를 신청한 경우까지는 중과세율을 적용하지 않도록 했다. 강봉석 기자', '[작성일: 2026-04-30] | [] | 양평군, 2026년 개별주택가격 공시 및 열람 실시…내달 29일까지 이의신청 양평군 개별주택가격이 전년 대비 소폭 상승한 것으로 나타났다. 군은 2026년 1월1일 기준 개별주택가격을 결정·공시하고, 5월29일까지 열람 및 이의신청 기간을 운영한다고 30일 밝혔다. 이번에 공시한 개별주택은 총 3만 2천410호로, 표준주택 및 인근 개별주택과의 가격 균형을 반영해 산정됐으며 전년 대비 1.78% 상승했다. 개별주택가격은 양평군청 세무과와 읍면사무소에서 열람할 수 있으며, 국토교통부 부동산공시가격알리미 누리집에서도 확인할 수 있다. 공시가격에 이의가 있는 개별주택 소유자 및 이해관계인은 5월29일까지 이의 신청서를 작성해 세무과 또는 읍면사무소 민원실에 방문해 제출하거나 우편·팩스로 제출할 수 있으며, 부동산공시가격알리미 누리집을 통해 온라인으로도 신청할 수 있다. 양평군 관계자는 “개별주택가격은 지방세와 국세 등의 과세 기준이 되는 중요한 자료인 만큼, 주택 소유자와 법률상 이해관계인의 적극적인 열람을 당부드린다”고 말했다. 한편 국토교통부에서 공시하는 공동주택가격도 같은 기간 동안 부동산공시가격알리미 누리집과 한국부동산원 성남지사, 세무과 및 읍면사무소 민원실에서 열람 및 이의신청이 가능하다. 개별·공동주택가격에 대한 자세한 사항은 양평군 세무과로 문의하면 안내받을 수 있다.', '[작성일: 2026-04-12] | [] | 공인중개사協 ""가격 담합 행위 근절할 것…자체 조사 돌입"" 한국공인중개사협회가 가격 담합 행위 근절을 위해 전국적인 자체 조사에 나선다. 한국공인중개사협회는 이달 10일부터 “일부 공인중개사의 가격 담합 행위를 근절하기 위해 전국 단위의 대대적인 자체 조사와 자정 활동에 돌입한다”고 12일 밝혔다. 이들은 전국 19개 시·도회 및 256개 시·군·구 지회 조직을 활용해 친목회 모임 등의 가격 담합과 비회원 배척 실태를 전수 조사한다는 방침이다. 이때 불법 카르텔 형성 행위가 확인될 경우 무관용 원칙에 따라 엄중히 대응한다는 계획이다. 다만 협회는 “규제의 잣대는 단순 친목회 모임이나 집단 자체가 아니라, 실질적인 담합과 같은 위법 행위에 정밀하게 조준돼야 한다”면서 “행위 중심의 정교한 접근이 선량한 중개사들의 정당한 영업권 침해를 막는 길”이라고 강조했다. 아울러 협회는 사설망 중심의 폐쇄적 구조를 타파하기 위한 근본적 대책으로 정부 인증 정보망이자 개업 공인중개사의 약 80%가 사용하는 '한방'의 고도화도 추진하기로 했다. 특히 협회는 2024년 자체 개발한 부동산가격정보통계시스템(KARIS)의 업그레이드 버전 출시도 예정돼있다고 소개했다. KARIS는 한방의 실거래 데이터를 데이터베이스(DB)화한 빅데이터 시스템이다. 한편 국무조정실 부동산감독추진단은 9일 정부서울청사에서 11차 부동산 불법행위 대응협의회를 열어 중개사의 담합 행위가 확인되면 업무 정지 및 사무소 등록 취소를 하고, 등록이 취소되면 3년 간 사무소 개설을 금지하기로 했다.","정부의 다주택자 양도세 보완책에서 '9일까지 매매계약 완료 후 4개월 이내 양도'라는 첫 기준은 현재 변동되었습니다.
9일까지 매매계약을 완료하는 대신, 토지거래허가 신청으로 기준이 변경되었습니다.
따라서, 9일까지 토지거래허가를 신청한 뒤 11월 9일까지 양도 절차를 마치면 양도세를 중과받지 않습니다.",토지거래허가 심사에 시일이 걸리는 점을 감안해 매매계약이 아닌 '토지거래허가 신청'으로 기준을 바꾼 추가 보완책으로 변경되었습니다.
시나리오 4: 모순되거나 업데이트된 정보 탐색,"다주택자가 보유한 조정대상지역 주택을 매도할 때, 매수자가 1주택 이상을 소유한 다주택자이더라도 실거주 의무 유예 혜택이 적용됩니까?","[작성일: 2026-05-03] | [] | . 또한 정부는 지난해 6·27 대책으로 규제지역에서는 주택담보대출 실행일로부터 6개월 이내에 전입 의무가 부여됐으나 이번 실거주 의무 유예에 따라 ‘대출 실행일로부터 6개월’ 또는 ‘임대차계약 종료 후 1개월’ 중 늦은 시점까지 전입을 미룰 수 있게 했다. 한편 정부는 2월12일 발표한 첫 보완책에서 9일까지 매매계약을 완료하고 계약일로부터 4개월 이내에 양도를 마무리한다는 조건을 뒀으나 토지거래허가 심사에 시일이 걸려 거래가 촉박한 점을 감안해 매매계약이 아닌 토지거래허가 신청으로 기준을 바꾼 추가 보완책을 지난달 내놓았다. 10·15 대책 이후 조정대상지역으로 편입된 서울의 나머지 21개 자치구와 경기 12개 지역에서는 9일까지 토지거래허가를 신청한 뒤 11월9일까지 양도 절차를 마치면 양도세를 중과받지 않는다. 다주택자가 매도하려는 주택에 임차인이 있는 경우에도 무주택자에게 집을 넘기는 경우에 한해 실거주 의무를 완화하는 특례도 적용된다.', '[작성일: 2026-05-03] | [] | 양도세 중과에 이어 장특공제도?…부동산 세제 변곡점 다주택자를 향한 양도소득세 중과세 유예 종료가 일주일여 앞으로 다가온 가운데 부동산 시장에 또다른 변화가 예고된다. 정부는 ‘살지 않는 집’에 주어지던 과도한 세금 감면 혜택을 대폭 축소하고, 실거주자 중심의 세제 개편에 본격적으로 속도를 낼 방침인데 이번엔 주택 양도소득세 장기보유 특별공제(장특공제)를 비롯한 세제에 눈길이 모인다. 3일 재정경제부 등에 따르면 2022년 5월10일부터 이어진 다주택자 양도세 중과 유예 조치가 오는 9일로 마침표를 찍는다. 이에 따라 10일부터 조정대상지역 내 주택을 매도하는 다주택자는 기본세율(6~45%)에 2주택자는 20%포인트, 3주택자 이상은 30%포인트를 더한 중과세율을 적용받게 된다. 또 다른 세제 개편도 주목된다. 대표적인 개편 대상으로는 주택 양도소득세 장기보유 특별공제(장특공제)가 꼽힌다. 소득세법 95조는 3년 이상 보유한 부동산을 팔아 얻은 차익에 과세할 때 보유 기간에 따라 6~30%를 공제하도록 규정하고 있다. 이 법은 1가구 1주택 양도차익의 경우 보유 기간에 따라 차익의 12∼40%와 거주 기간(2년 이상)에 따라 8∼40%를 합산 공제하도록 한다. 이를 두고 일각에선 비거주 주택에 최대 40%를 공제하는 현행 제도가 합리적인지 의문을 제기했고, 장특공제의 혜택이 치우쳤다는 지적도 있었다. 이와 함께 보유세에 관한 정부의 향방에도 시선이 모인다. 이 대통령은 올해 3월 외국 주요 도시와 한국의 주택 보유세를 비교한 기사를 X에 소개하며 ""저도 궁금했다""고 언급했다. 정부 관계자는 부동산 세제 개편과 관련해 ""아직 구체적으로 결정된 것은 없으며 방법이나 시기 등을 살펴보고 있는 단계""라고 전했다. 7월 무렵으로 예상되는 세제 개편과 맞물려 구체적인 정책 방향이 나올 것으로 관측된다.', '[작성일: 2026-04-22] | [] | . 정부는 김 총리 주재로 열린 국무회의에서 소득세법 시행령 및 부동산 거래신고법 시행령 개정안 등을 심의·의결했다. 이에 따라 정부가 예고한 대로 다주택자가 조정대상지역에 보유한 주택에 대한 양도소득세 중과유예는 다음 달 9일 종료된다. 다만 해당 주택을 양도하기 위해 토지거래 허가를 받기까지 시간이 걸린다는 점을 감안, 해당일까지 토지거래 허가를 신청한 경우까지는 중과세율을 적용하지 않도록 했다. 강봉석 기자', '[작성일: 2026-04-30] | [] | 양평군, 2026년 개별주택가격 공시 및 열람 실시…내달 29일까지 이의신청 양평군 개별주택가격이 전년 대비 소폭 상승한 것으로 나타났다. 군은 2026년 1월1일 기준 개별주택가격을 결정·공시하고, 5월29일까지 열람 및 이의신청 기간을 운영한다고 30일 밝혔다. 이번에 공시한 개별주택은 총 3만 2천410호로, 표준주택 및 인근 개별주택과의 가격 균형을 반영해 산정됐으며 전년 대비 1.78% 상승했다. 개별주택가격은 양평군청 세무과와 읍면사무소에서 열람할 수 있으며, 국토교통부 부동산공시가격알리미 누리집에서도 확인할 수 있다. 공시가격에 이의가 있는 개별주택 소유자 및 이해관계인은 5월29일까지 이의 신청서를 작성해 세무과 또는 읍면사무소 민원실에 방문해 제출하거나 우편·팩스로 제출할 수 있으며, 부동산공시가격알리미 누리집을 통해 온라인으로도 신청할 수 있다. 양평군 관계자는 “개별주택가격은 지방세와 국세 등의 과세 기준이 되는 중요한 자료인 만큼, 주택 소유자와 법률상 이해관계인의 적극적인 열람을 당부드린다”고 말했다. 한편 국토교통부에서 공시하는 공동주택가격도 같은 기간 동안 부동산공시가격알리미 누리집과 한국부동산원 성남지사, 세무과 및 읍면사무소 민원실에서 열람 및 이의신청이 가능하다. 개별·공동주택가격에 대한 자세한 사항은 양평군 세무과로 문의하면 안내받을 수 있다.', '[작성일: 2026-04-12] | [] | 공인중개사協 ""가격 담합 행위 근절할 것…자체 조사 돌입"" 한국공인중개사협회가 가격 담합 행위 근절을 위해 전국적인 자체 조사에 나선다. 한국공인중개사협회는 이달 10일부터 “일부 공인중개사의 가격 담합 행위를 근절하기 위해 전국 단위의 대대적인 자체 조사와 자정 활동에 돌입한다”고 12일 밝혔다. 이들은 전국 19개 시·도회 및 256개 시·군·구 지회 조직을 활용해 친목회 모임 등의 가격 담합과 비회원 배척 실태를 전수 조사한다는 방침이다. 이때 불법 카르텔 형성 행위가 확인될 경우 무관용 원칙에 따라 엄중히 대응한다는 계획이다. 다만 협회는 “규제의 잣대는 단순 친목회 모임이나 집단 자체가 아니라, 실질적인 담합과 같은 위법 행위에 정밀하게 조준돼야 한다”면서 “행위 중심의 정교한 접근이 선량한 중개사들의 정당한 영업권 침해를 막는 길”이라고 강조했다. 아울러 협회는 사설망 중심의 폐쇄적 구조를 타파하기 위한 근본적 대책으로 정부 인증 정보망이자 개업 공인중개사의 약 80%가 사용하는 '한방'의 고도화도 추진하기로 했다. 특히 협회는 2024년 자체 개발한 부동산가격정보통계시스템(KARIS)의 업그레이드 버전 출시도 예정돼있다고 소개했다. KARIS는 한방의 실거래 데이터를 데이터베이스(DB)화한 빅데이터 시스템이다. 한편 국무조정실 부동산감독추진단은 9일 정부서울청사에서 11차 부동산 불법행위 대응협의회를 열어 중개사의 담합 행위가 확인되면 업무 정지 및 사무소 등록 취소를 하고, 등록이 취소되면 3년 간 사무소 개설을 금지하기로 했다.","다주택자가 보유한 조정대상지역 주택을 매도할 때, 매수자가 1주택 이상을 소유한 다주택자이더라도 실거주 의무 유예 혜택이 적용됩니다.
다만, 무주택자에게 집을 넘기는 경우에 한해 실거주 의무를 완화하는 특례가 적용됩니다.",실거주 의무 유예는 매수자가 토지거래허가 신청일 기준으로 무주택자인 경우에만 한정적으로 허용됩니다.